Request,Origin,Destination,Passenger Arrive,Passenger Leave
1,93,35,6:02,6:10
2,28,100,5:59,6:09
3,48,43,6:22,6:35
4,97,84,6:17,6:35
5,84,37,6:25,6:43
6,5,70,6:31,6:42
7,75,28,6:34,6:44
8,2,38,6:37,6:44
9,96,8,6:26,6:41
10,3,98,6:34,6:46
11,69,29,6:28,6:45
12,19,63,6:29,6:44
13,94,82,6:41,6:48
14,54,99,6:35,6:53
15,69,25,6:36,6:50
16,78,88,6:47,7:00
17,8,13,6:44,6:56
18,50,43,6:40,6:53
19,89,57,6:43,7:05
20,59,52,6:43,7:00
21,2,19,6:40,6:57
22,69,29,6:45,7:02
23,84,80,6:43,7:02
24,61,90,6:52,7:02
25,20,30,6:46,6:56
26,18,13,6:42,6:57
27,13,56,6:45,7:05
28,89,3,6:46,7:03
29,39,67,6:55,7:01
30,45,76,6:46,7:02
31,10,70,6:45,7:02
32,97,28,6:54,7:07
33,30,51,6:50,7:05
34,81,63,6:47,7:09
35,1,99,6:56,7:06
36,40,19,6:58,7:05
37,44,30,6:46,7:05
38,77,17,6:51,6:59
39,58,4,6:58,7:07
40,6,4,6:51,7:09
41,61,86,6:50,7:11
42,66,27,6:53,7:09
43,50,78,6:52,7:08
44,32,48,7:01,7:10
45,46,47,6:53,7:11
46,32,38,6:51,7:10
47,58,17,6:52,7:13
48,26,19,7:05,7:10
49,50,11,7:00,7:08
50,5,66,7:03,7:13
51,45,5,7:04,7:15
52,83,15,7:00,7:14
53,9,5,7:00,7:15
54,82,69,7:09,7:17
55,59,29,6:58,7:16
56,62,21,6:59,7:19
57,72,47,6:53,7:18
58,50,12,7:01,7:14
59,16,22,7:00,7:17
60,15,13,7:04,7:22
61,47,53,7:03,7:24
62,32,34,7:09,7:21
63,10,70,7:01,7:23
64,30,68,7:04,7:20
65,94,2,7:04,7:17
66,11,69,7:11,7:18
67,58,70,7:04,7:21
68,5,71,7:01,7:19
69,58,40,7:00,7:22
70,1,89,7:11,7:21
71,94,81,7:05,7:20
72,89,34,7:10,7:19
73,59,98,7:06,7:17
74,80,52,7:08,7:23
75,3,93,7:02,7:23
76,39,32,7:02,7:16
77,36,89,7:08,7:23
78,10,17,7:06,7:24
79,52,63,7:09,7:26
80,49,29,7:11,7:23
81,91,55,7:09,7:23
82,72,27,7:12,7:29
83,87,38,7:15,7:26
84,69,24,7:11,7:29
85,66,44,7:13,7:21
86,46,86,7:14,7:27
87,1,82,7:05,7:22
88,18,73,7:17,7:24
89,100,25,7:03,7:28
90,22,87,7:09,7:28
91,85,95,7:22,7:27
92,41,98,7:18,7:33
93,55,56,7:19,7:29
94,29,54,7:14,7:29
95,100,86,7:10,7:29
96,72,20,7:15,7:27
97,17,12,7:13,7:33
98,96,26,7:25,7:30
99,51,79,7:24,7:32
100,18,90,7:15,7:32
101,87,29,7:16,7:35
102,18,61,7:25,7:32
103,3,41,7:24,7:35
104,50,28,7:17,7:34
105,82,83,7:23,7:34
106,41,63,7:19,7:30
107,50,86,7:15,7:37
108,37,61,7:19,7:31
109,39,79,7:19,7:33
110,97,33,7:27,7:34
111,34,47,7:17,7:31
112,17,95,7:17,7:34
113,44,33,7:19,7:35
114,68,22,7:32,7:41
115,99,23,7:20,7:39
116,81,8,7:30,7:42
117,47,13,7:22,7:42
118,30,1,7:20,7:40
119,68,45,7:25,7:39
120,11,55,7:27,7:39
121,24,70,7:25,7:36
122,63,65,7:29,7:43
123,92,90,7:31,7:43
124,59,17,7:24,7:40
125,44,88,7:23,7:39
126,76,43,7:27,7:41
127,53,25,7:20,7:37
128,1,52,7:27,7:44
129,13,87,7:21,7:38
130,40,26,7:19,7:41
131,43,68,7:23,7:43
132,82,11,7:34,7:40
133,25,16,7:32,7:43
134,27,90,7:27,7:41
135,66,16,7:33,7:41
136,30,48,7:33,7:45
137,15,77,7:33,7:42
138,62,76,7:33,7:43
139,4,24,7:35,7:44
140,81,56,7:31,7:42
141,79,29,7:35,7:43
142,86,88,7:34,7:45
143,72,3,7:34,7:44
144,4,82,7:33,7:45
145,51,76,7:37,7:45
146,43,52,7:28,7:55
147,8,82,7:34,7:51
148,96,6,7:28,7:48
149,84,92,7:37,7:48
150,83,20,7:41,7:53
151,19,89,7:32,7:46
152,72,97,7:40,7:51
153,2,25,7:35,7:50
154,13,36,7:40,7:48
155,88,42,7:44,7:51
156,8,80,7:33,7:51
157,27,67,7:33,7:51
158,17,65,7:41,7:51
159,90,3,7:33,7:47
160,99,30,7:37,7:49
161,86,73,7:36,7:54
162,69,64,7:34,7:57
163,93,89,7:39,7:52
164,60,90,7:35,8:00
165,8,100,7:39,7:57
166,1,47,7:41,7:58
167,13,62,7:42,7:57
168,53,37,7:40,7:54
169,5,73,7:43,7:54
170,59,40,7:43,7:59
171,100,30,7:42,7:57
172,81,43,7:50,7:57
173,66,20,7:46,8:02
174,28,47,7:44,7:55
175,95,61,7:45,7:59
176,99,87,7:45,7:59
177,1,68,7:51,7:56
178,38,13,7:44,7:56
179,1,88,7:46,8:01
180,59,73,7:43,7:59
181,24,18,7:41,8:02
182,70,4,7:48,7:58
183,1,77,7:42,8:01
184,85,28,7:46,8:02
185,32,64,7:54,8:02
186,59,85,7:47,8:10
187,89,84,7:59,8:04
188,49,5,7:51,8:05
189,22,30,7:53,8:06
190,69,22,7:44,8:01
191,61,27,7:48,8:07
192,41,55,7:47,8:06
193,48,51,7:52,8:09
194,70,74,7:52,8:02
195,36,23,7:58,8:08
196,91,69,7:47,8:07
197,27,70,7:50,8:04
198,16,29,7:45,8:06
199,92,22,7:53,8:03
200,75,29,7:50,8:04
201,44,38,7:49,8:02
202,76,99,7:51,8:06
203,3,83,7:52,8:10
204,29,65,7:55,8:13
205,12,57,7:55,8:13
206,76,37,7:55,8:05
207,93,84,7:51,8:11
208,14,65,8:02,8:13
209,55,70,7:57,8:10
210,4,35,8:04,8:17
211,80,7,8:01,8:14
212,23,30,8:05,8:14
213,84,63,8:05,8:15
214,12,51,8:06,8:17
215,54,26,8:03,8:15
216,72,33,8:00,8:11
217,31,73,7:55,8:19
218,92,45,8:02,8:16
219,66,65,8:03,8:16
220,25,14,8:03,8:18
221,40,37,8:00,8:16
222,63,38,8:11,8:20
223,55,23,8:07,8:20
224,84,49,7:59,8:16
225,96,19,8:19,8:25
226,30,40,8:20,8:28
227,13,2,8:07,8:24
228,67,91,8:10,8:28
229,62,54,8:29,8:43
230,60,46,8:22,8:44
231,36,86,8:35,8:46
232,68,76,8:36,8:53
233,63,31,8:49,9:00
234,19,15,9:00,9:12
235,61,95,8:53,9:09
236,66,29,9:07,9:16
237,71,3,9:00,9:15
238,88,61,9:04,9:13
239,52,13,9:07,9:22
240,55,78,9:09,9:21
241,25,33,9:13,9:26
242,42,38,9:14,9:26
243,53,21,9:15,9:31
244,9,60,9:12,9:30
245,52,38,9:13,9:35
246,79,49,9:18,9:34
247,22,94,9:17,9:28
248,19,71,9:16,9:28
249,77,50,9:14,9:26
250,94,50,9:09,9:28
251,95,82,9:27,9:35
252,33,50,9:27,9:37
253,26,79,9:15,9:32
254,65,25,9:28,9:34
255,82,44,9:26,9:40
256,32,6,9:29,9:43
257,26,91,9:20,9:39
258,84,69,9:32,9:42
259,29,13,9:23,9:48
260,85,18,9:37,9:45
261,81,80,9:36,9:46
262,74,57,9:33,9:52
263,19,6,9:42,9:51
264,98,6,9:42,9:55
265,86,50,9:40,9:53
266,62,54,9:46,9:52
267,23,2,9:42,9:58
268,88,65,9:45,10:01
269,4,84,9:57,10:10
270,95,96,9:51,10:03
271,21,100,9:52,10:03
272,32,71,9:51,10:09
273,89,4,9:52,10:06
274,66,49,9:45,10:05
275,27,18,9:59,10:14
276,43,50,9:54,10:10
277,74,32,10:05,10:12
278,66,43,10:06,10:18
279,92,2,9:58,10:18
280,39,55,10:01,10:17
281,92,59,10:15,10:30
282,59,34,10:14,10:34
283,27,96,10:14,10:32
284,82,22,10:28,10:37
285,63,37,10:24,10:36
286,100,39,10:23,10:37
287,26,35,10:20,10:33
288,14,64,10:19,10:33
289,91,6,10:24,10:32
290,98,44,10:19,10:42
291,21,58,10:31,10:48
292,30,46,10:33,10:47
293,43,38,10:35,10:48
294,47,64,10:38,10:46
295,65,8,10:39,10:52
296,20,10,10:34,10:52
297,66,62,10:44,10:53
298,50,34,10:49,10:55
299,22,52,10:42,10:53
300,93,63,10:40,10:56
301,98,2,10:51,11:01
302,23,33,10:53,11:07
303,33,25,10:46,11:03
304,56,11,10:48,11:09
305,53,91,11:04,11:19
306,48,15,10:56,11:18
307,1,88,11:00,11:16
308,81,84,11:10,11:22
309,76,23,11:06,11:22
310,73,9,11:04,11:21
311,96,75,11:14,11:23
312,11,38,11:19,11:34
313,53,64,11:15,11:34
314,10,73,11:15,11:28
315,79,62,11:26,11:39
316,85,28,11:27,11:43
317,71,91,11:25,11:43
318,100,6,11:29,11:39
319,24,22,11:24,11:40
320,45,30,11:36,11:46
321,1,69,11:41,11:48
322,29,26,11:31,11:46
323,19,72,11:38,11:53
324,99,54,11:42,11:57
325,5,12,11:38,11:56
326,73,91,11:40,11:51
327,91,41,11:44,11:54
328,36,61,11:36,11:55
329,33,63,11:38,11:51
330,85,30,11:49,12:03
331,11,91,11:55,12:14
332,78,38,11:55,12:12
333,73,10,12:07,12:16
334,90,51,11:59,12:17
335,90,29,12:10,12:19
336,57,7,12:01,12:21
337,46,11,12:08,12:18
338,51,25,12:10,12:23
339,40,12,12:13,12:26
340,43,53,12:20,12:30
341,59,17,12:14,12:28
342,23,13,12:19,12:35
343,40,94,12:25,12:35
344,13,38,12:21,12:38
345,58,7,12:25,12:30
346,81,40,12:20,12:34
347,55,82,12:31,12:43
348,70,25,12:29,12:40
349,84,9,12:23,12:37
350,9,4,12:32,12:40
351,88,62,12:27,12:45
352,92,15,12:34,12:52
353,31,92,12:40,12:57
354,40,17,12:41,12:54
355,96,77,12:39,12:55
356,64,8,12:49,12:54
357,91,26,12:37,12:57
358,44,56,12:44,12:59
359,60,1,12:43,13:01
360,6,26,12:44,13:01
361,38,46,12:53,13:05
362,53,100,12:52,13:07
363,25,27,12:54,13:04
364,49,52,12:59,13:07
365,63,81,12:46,13:05
366,62,75,12:55,13:12
367,80,39,12:57,13:14
368,66,84,13:00,13:07
369,45,97,12:54,13:08
370,30,18,12:59,13:11
371,68,67,12:56,13:13
372,49,7,13:13,13:19
373,42,20,13:09,13:27
374,14,68,13:09,13:25
375,84,52,13:09,13:23
376,66,61,13:11,13:28
377,81,38,13:09,13:33
378,28,12,13:21,13:35
379,18,12,13:25,13:34
380,41,53,13:21,13:39
381,98,71,13:21,13:31
382,15,62,13:26,13:37
383,90,66,13:28,13:36
384,91,42,13:24,13:43
385,91,79,13:29,13:40
386,46,83,13:27,13:46
387,9,86,13:36,13:44
388,79,84,13:34,13:49
389,95,1,13:35,13:46
390,38,35,13:35,13:53
391,7,42,13:45,13:55
392,85,27,13:45,13:59
393,17,84,13:55,14:05
394,97,94,13:56,14:06
395,81,94,13:50,14:08
396,97,28,13:58,14:11
397,70,69,13:54,14:05
398,63,12,13:59,14:14
399,14,16,14:04,14:15
400,19,26,14:04,14:17
401,64,47,14:07,14:21
402,82,87,14:03,14:15
403,54,79,14:03,14:21
404,55,42,14:19,14:25
405,1,80,14:15,14:30
406,79,31,14:04,14:25
407,23,37,14:15,14:25
408,79,78,14:16,14:29
409,3,50,14:19,14:29
410,13,28,14:13,14:28
411,44,34,14:10,14:29
412,10,86,14:13,14:36
413,79,6,14:14,14:30
414,2,45,14:20,14:39
415,31,55,14:18,14:36
416,63,93,14:32,14:42
417,18,4,14:24,14:38
418,52,95,14:21,14:38
419,59,94,14:30,14:44
420,22,26,14:32,14:48
421,21,34,14:40,14:55
422,51,68,14:43,14:53
423,32,16,14:50,14:57
424,65,22,14:40,15:00
425,23,56,14:38,14:55
426,46,79,14:47,14:59
427,68,24,14:45,14:56
428,88,75,14:47,14:58
429,93,79,14:49,15:00
430,86,54,14:51,15:05
431,60,22,14:50,15:07
432,78,75,14:54,15:08
433,9,72,14:58,15:09
434,51,93,15:06,15:14
435,70,82,14:55,15:08
436,56,45,15:01,15:10
437,89,22,14:55,15:14
438,48,50,15:04,15:16
439,20,93,14:59,15:15
440,70,8,14:55,15:16
441,60,7,15:12,15:22
442,16,73,15:02,15:18
443,16,64,15:09,15:17
444,39,100,15:05,15:25
445,87,65,15:13,15:23
446,30,78,15:06,15:27
447,19,78,15:14,15:34
448,65,28,15:13,15:27
449,64,67,15:21,15:32
450,92,11,15:20,15:34
451,54,65,15:12,15:26
452,65,69,15:23,15:35
453,86,15,15:24,15:31
454,27,35,15:25,15:31
455,53,37,15:25,15:35
456,52,74,15:33,15:41
457,14,6,15:27,15:42
458,47,31,15:27,15:48
459,49,51,15:26,15:45
460,49,23,15:41,15:51
461,73,49,15:33,15:50
462,11,67,15:41,15:53
463,1,39,15:44,15:53
464,73,17,15:50,15:58
465,10,66,15:45,15:56
466,3,60,15:38,15:52
467,82,2,15:53,16:02
468,33,62,15:48,16:00
469,37,34,15:44,15:58
470,73,90,15:56,16:05
471,95,40,15:44,16:03
472,11,21,15:49,16:06
473,66,30,15:53,16:02
474,77,22,15:57,16:14
475,62,93,16:00,16:06
476,67,63,15:59,16:12
477,70,91,15:55,16:09
478,86,80,16:00,16:15
479,67,6,16:03,16:15
480,48,81,15:59,16:21
481,98,31,16:10,16:26
482,1,66,16:20,16:29
483,74,72,16:13,16:33
484,50,47,16:12,16:29
485,21,13,16:15,16:31
486,58,62,16:12,16:29
487,19,10,16:11,16:31
488,94,91,16:15,16:27
489,77,34,16:24,16:35
490,22,83,16:23,16:32
491,11,88,16:18,16:35
492,59,83,16:29,16:41
493,49,67,16:27,16:39
494,27,71,16:25,16:38
495,40,16,16:27,16:39
496,45,54,16:26,16:42
497,20,18,16:32,16:47
498,54,49,16:33,16:43
499,13,89,16:42,16:48
500,56,33,16:41,16:46
501,36,54,16:32,16:50
502,44,61,16:33,16:52
503,56,63,16:41,16:53
504,8,26,16:44,16:54
505,27,71,16:38,16:53
506,16,47,16:38,16:54
507,24,69,16:44,16:57
508,100,77,16:46,16:57
509,95,42,16:49,17:02
510,58,21,16:53,17:07
511,51,26,16:54,17:10
512,22,72,16:53,17:10
513,3,57,16:55,17:10
514,69,50,16:50,17:09
515,8,58,17:00,17:18
516,17,32,17:02,17:12
517,9,4,17:05,17:24
518,88,35,17:00,17:18
519,22,36,17:11,17:18
520,41,54,17:08,17:19
521,29,30,17:10,17:27
522,39,37,17:10,17:25
523,73,43,17:11,17:28
524,66,6,17:13,17:25
525,4,88,17:11,17:26
526,61,11,17:16,17:30
527,43,16,17:19,17:27
528,95,84,17:26,17:33
529,90,58,17:19,17:29
530,40,67,17:24,17:45
531,4,12,17:32,17:40
532,27,16,17:28,17:38
533,26,19,17:25,17:42
534,63,41,17:30,17:49
535,19,82,17:23,17:48
536,15,73,17:28,17:42
537,69,23,17:34,17:45
538,39,95,17:41,17:55
539,73,3,17:39,17:53
540,25,26,17:43,17:58
541,62,25,17:47,18:03
542,55,3,17:42,18:00
543,52,9,17:49,18:00
544,77,37,17:51,17:56
545,15,56,17:45,18:01
546,12,36,17:57,18:11
547,27,19,17:52,18:05
548,27,90,17:57,18:06
549,59,5,18:02,18:08
550,15,28,18:07,18:22
551,82,71,18:02,18:20
552,37,66,18:16,18:29
553,4,45,18:15,18:27
554,89,18,18:10,18:22
555,46,72,18:13,18:25
556,10,69,18:16,18:26
557,78,1,18:31,18:37
558,35,7,18:25,18:36
559,93,98,18:19,18:37
560,40,11,18:32,18:40
561,33,98,18:29,18:48
562,11,76,18:36,18:54
563,25,92,18:38,18:48
564,21,100,18:47,18:56
565,9,77,18:42,18:56
566,67,45,18:47,18:58
567,19,58,18:47,18:59
568,29,36,18:53,18:59
569,72,86,18:43,18:57
570,28,61,18:51,19:05
571,98,59,18:49,19:02
572,83,77,18:45,19:06
573,23,34,18:55,19:05
574,87,51,18:58,19:11
575,71,49,18:55,19:12
576,49,45,18:58,19:09
577,75,73,18:57,19:12
578,61,46,19:00,19:09
579,76,99,18:56,19:05
580,43,16,18:52,19:08
581,14,99,19:05,19:14
582,54,31,19:02,19:20
583,36,24,19:11,19:18
584,76,87,19:03,19:21
585,94,29,19:01,19:22
586,44,3,19:03,19:21
587,74,96,19:05,19:18
588,83,71,19:11,19:25
589,92,85,19:11,19:21
590,40,21,19:08,19:26
591,36,3,19:10,19:29
592,1,68,19:22,19:27
593,35,72,19:15,19:32
594,15,97,19:09,19:29
595,28,80,19:24,19:30
596,28,30,19:14,19:35
597,11,100,19:27,19:38
598,1,85,19:23,19:34
599,14,18,19:20,19:35
600,56,39,19:25,19:31
601,61,68,19:28,19:40
602,17,71,19:25,19:42
603,8,29,19:24,19:50
604,96,85,19:26,19:41
605,38,41,19:27,19:46
606,47,86,19:34,19:47
607,26,70,19:42,19:52
608,64,43,19:34,19:51
609,81,75,19:34,19:45
610,14,92,19:41,19:52
611,42,91,19:40,19:49
612,45,78,19:38,19:47
613,21,50,19:37,19:53
614,55,21,19:31,19:51
615,53,78,19:30,19:52
616,72,59,19:45,19:54
617,37,25,19:44,19:56
618,43,56,19:50,20:06
619,81,58,19:54,20:09
620,33,88,19:50,20:03
621,60,27,19:52,20:11
622,39,73,19:53,20:11
623,22,31,19:56,20:08
624,41,33,19:53,20:11
625,79,47,20:02,20:15
626,43,100,20:03,20:17
627,52,98,20:03,20:19
628,80,8,20:04,20:16
629,82,6,19:57,20:16
630,46,20,20:02,20:19
631,73,63,20:00,20:20
632,99,50,20:00,20:16
633,63,98,20:06,20:20
634,18,10,20:13,20:22
635,44,31,20:04,20:20
636,46,84,20:03,20:20
637,90,23,20:16,20:24
638,96,83,20:05,20:19
639,8,77,20:12,20:20
640,24,69,20:06,20:29
641,82,9,20:09,20:26
642,92,39,20:13,20:23
643,13,68,20:08,20:25
644,77,52,20:21,20:30
645,55,58,20:12,20:30
646,7,82,20:17,20:29
647,29,9,20:17,20:31
648,71,27,20:20,20:31
649,71,5,20:13,20:28
650,60,51,20:19,20:36
651,41,31,20:21,20:35
652,72,96,20:29,20:37
653,93,90,20:20,20:37
654,100,37,20:20,20:33
655,46,26,20:24,20:43
656,1,10,20:25,20:39
657,100,95,20:27,20:42
658,70,58,20:31,20:49
659,84,7,20:32,20:45
660,51,1,20:33,20:47
661,94,38,20:36,20:43
662,58,41,20:27,20:44
663,48,88,20:31,20:47
664,85,2,20:44,20:53
665,24,49,20:38,20:52
666,45,17,20:36,20:50
667,28,11,20:36,20:45
668,97,90,20:39,20:50
669,94,83,20:38,20:53
670,94,96,20:37,20:51
671,66,37,20:29,20:54
672,7,54,20:42,20:52
673,35,21,20:40,20:59
674,20,43,20:37,20:52
675,62,68,20:38,20:55
676,6,55,20:43,20:52
677,1,16,20:42,20:52
678,49,7,20:40,20:53
679,44,94,20:41,20:51
680,95,18,20:42,20:55
681,16,4,20:44,20:59
682,8,46,20:47,21:04
683,60,14,20:49,21:01
684,4,47,20:52,20:59
685,45,51,20:43,21:01
686,7,65,20:45,20:57
687,68,49,20:44,21:03
688,87,46,20:52,21:06
689,91,63,20:49,21:05
690,15,92,20:48,21:06
691,66,96,20:50,21:10
692,42,96,20:49,21:06
693,5,92,20:57,21:09
694,23,35,20:56,21:06
695,29,62,20:54,21:08
696,54,95,21:01,21:06
697,22,72,20:55,21:10
698,39,96,20:52,21:15
699,95,29,20:59,21:08
700,25,92,20:55,21:13
701,74,52,20:52,21:12
702,59,39,20:57,21:08
703,36,30,20:55,21:08
704,4,53,21:06,21:16
705,95,28,20:54,21:13
706,99,58,21:04,21:14
707,34,54,21:02,21:14
708,20,100,21:02,21:18
709,7,54,21:02,21:16
710,97,76,21:10,21:22
711,65,28,21:01,21:20
712,29,9,21:11,21:20
713,32,13,21:08,21:15
714,76,94,21:06,21:17
715,62,65,21:00,21:22
716,81,79,21:15,21:24
717,77,1,21:07,21:24
718,91,92,21:13,21:24
719,6,2,21:05,21:21
720,61,74,21:09,21:27
721,68,74,21:15,21:22
722,96,5,21:17,21:36
723,20,13,21:10,21:30
724,97,11,21:13,21:30
725,57,96,21:14,21:28
726,69,45,21:19,21:30
727,76,9,21:15,21:27
728,6,24,21:17,21:27
729,97,80,21:20,21:29
730,72,20,21:20,21:31
731,13,29,21:17,21:31
732,39,82,21:17,21:29
733,6,18,21:17,21:27
734,46,50,21:14,21:33
735,35,61,21:15,21:32
736,76,96,21:24,21:39
737,44,10,21:24,21:36
738,62,33,21:27,21:32
739,63,16,21:15,21:39
740,100,13,21:16,21:37
741,40,26,21:22,21:35
742,72,88,21:22,21:35
743,1,80,21:25,21:39
744,53,100,21:25,21:41
745,60,75,21:25,21:40
746,59,73,21:34,21:43
747,49,7,21:31,21:40
748,86,59,21:26,21:39
749,78,67,21:21,21:43
750,2,8,21:24,21:46
751,93,66,21:28,21:45
752,27,68,21:30,21:46
753,73,98,21:27,21:45
754,69,87,21:29,21:47
755,67,78,21:27,21:49
756,68,3,21:29,21:51
757,33,52,21:34,21:50
758,38,92,21:34,21:46
759,48,63,21:37,21:50
760,88,87,21:32,21:48
761,82,83,21:39,21:52
762,32,42,21:41,21:58
763,62,61,21:39,21:54
764,100,4,21:46,21:52
765,72,81,21:39,21:51
766,86,46,21:48,22:01
767,82,19,21:46,21:55
768,77,25,21:47,21:59
769,19,94,21:46,21:57
770,97,26,21:46,22:02
771,29,70,21:42,22:01
772,11,71,21:49,21:58
773,43,21,21:43,22:02
774,89,13,21:53,22:07
775,53,14,21:51,22:05
776,98,94,21:53,22:04
777,100,75,21:52,22:09
778,37,35,21:55,22:02
779,89,68,21:54,22:08
780,59,17,21:57,22:07
781,65,88,21:53,22:09
782,53,49,22:01,22:11
783,26,33,21:59,22:13
784,86,38,22:06,22:18
785,93,32,22:00,22:16
786,58,22,21:53,22:14
787,40,55,22:05,22:16
788,65,60,22:07,22:15
789,52,74,22:10,22:20
790,6,91,22:00,22:18
791,55,25,22:03,22:21
792,13,63,22:12,22:18
793,83,46,22:14,22:24
794,62,32,22:04,22:25
795,35,26,22:12,22:24
796,63,85,22:13,22:28
797,23,56,22:12,22:26
798,53,92,22:17,22:22
799,82,15,22:12,22:24
800,10,15,22:10,22:27
801,64,51,22:07,22:22
802,43,32,22:15,22:30
803,71,35,22:17,22:28
804,36,54,22:13,22:28
805,9,51,22:17,22:27
806,26,84,22:17,22:33
807,44,10,22:20,22:34
808,19,47,22:28,22:39
809,95,39,22:32,22:48
810,21,32,22:32,22:47
811,52,28,22:31,22:48
812,29,70,22:26,22:45
813,42,76,22:26,22:45
814,34,39,22:36,22:53
815,4,39,22:37,22:50
816,84,94,22:44,22:51
817,67,61,22:39,22:50
818,64,22,22:36,22:53
819,99,70,22:37,22:52
820,59,75,22:43,22:54
821,62,72,22:36,22:51
822,57,40,22:50,23:04
823,61,20,22:43,23:01
824,19,34,22:43,23:05
825,55,72,22:47,23:02
826,51,80,22:55,23:02
827,74,71,22:55,23:13
828,53,64,23:05,23:18
829,44,99,23:09,23:22
830,99,3,23:07,23:20
831,93,96,23:11,23:21
832,66,93,23:16,23:28
833,57,77,23:11,23:20
834,27,33,23:14,23:27
835,81,47,23:14,23:32
836,39,28,23:18,23:29
837,28,3,23:21,23:31
838,12,15,23:15,23:34
839,95,100,23:23,23:43
840,100,40,23:21,23:38
841,91,99,23:30,23:46
842,83,73,23:30,23:49
843,17,90,23:42,0:01
844,65,27,23:49,0:04
845,75,67,23:54,0:01
846,14,93,23:52,0:06
847,66,69,0:00,0:09
848,39,7,23:55,0:09
849,19,10,0:02,0:10
850,39,79,23:51,0:05
851,18,31,0:04,0:17
852,37,76,23:59,0:13
853,100,64,0:07,0:24
854,98,96,0:06,0:24
855,10,96,23:58,0:24
856,88,65,0:08,0:16
857,43,22,0:07,0:29
858,85,3,0:07,0:27
859,63,40,0:10,0:24
860,47,56,0:15,0:21
861,75,86,0:15,0:30
862,49,4,0:09,0:28
863,18,77,0:10,0:26
864,11,81,0:18,0:32
865,43,4,0:25,0:39
866,92,47,0:29,0:42
867,78,8,0:20,0:41
868,15,12,0:32,0:40
869,70,86,0:37,0:45
870,43,17,0:33,0:46
871,49,2,0:32,0:52
872,30,90,0:29,0:56
873,72,66,0:36,0:52
874,75,73,0:37,0:55
875,30,33,0:42,0:57
876,25,100,0:36,0:54
877,92,34,0:37,0:58
878,3,20,0:45,0:55
879,99,74,0:43,0:55
880,85,18,0:40,0:55
881,95,29,0:45,0:56
882,26,49,0:52,0:58
883,62,91,1:03,1:13
884,55,49,1:13,1:29
885,47,100,1:15,1:32
886,2,49,1:16,1:29
887,20,88,1:12,1:28
888,39,14,1:27,1:40
889,97,11,1:19,1:39
890,31,20,1:23,1:35
891,95,50,1:28,1:44
892,78,51,1:34,1:42
893,76,68,1:34,1:43
894,53,42,1:31,1:45
895,64,5,1:30,1:43
896,79,24,1:43,1:51
897,19,57,1:38,1:52
898,15,1,1:42,1:57
899,66,79,1:50,2:03
900,5,99,1:43,1:59
901,70,65,1:48,2:02
902,13,38,1:44,1:58
903,36,26,1:53,2:12
904,97,9,1:52,2:09
905,24,65,1:58,2:17
906,71,22,1:59,2:14
907,83,35,2:04,2:15
908,7,9,1:56,2:16
909,70,60,1:57,2:13
910,26,27,2:14,2:26
911,47,55,2:09,2:28
912,29,79,2:07,2:28
913,40,37,2:12,2:30
914,65,99,2:18,2:35
915,44,15,2:17,2:36
916,84,22,2:23,2:39
917,29,70,2:28,2:34
918,6,86,2:25,2:44
919,67,94,2:29,2:43
920,34,65,2:27,2:38
921,35,53,2:22,2:41
922,47,51,2:32,2:44
923,93,64,2:30,2:51
924,27,91,2:42,2:47
925,90,2,2:42,2:59
926,53,41,2:48,2:57
927,6,88,2:51,2:56
928,86,28,2:52,3:06
929,41,47,2:50,3:05
930,41,10,2:50,3:01
931,16,10,2:46,3:05
932,48,25,2:54,3:07
933,81,63,2:54,3:12
934,97,78,3:07,3:13
935,47,45,2:57,3:17
936,63,52,3:11,3:17
937,98,66,3:00,3:15
938,19,89,3:12,3:17
939,51,60,3:13,3:28
940,80,90,3:22,3:29
941,26,75,3:22,3:41
942,70,41,3:25,3:37
943,78,49,3:37,3:45
944,29,80,3:39,3:52
945,30,27,3:58,4:13
946,44,73,3:53,4:10
947,13,91,3:55,4:09
948,81,73,3:53,4:06
949,33,59,4:05,4:15
950,49,55,3:58,4:18
951,34,42,4:04,4:14
952,37,8,3:58,4:15
953,54,46,4:03,4:19
954,73,34,4:04,4:22
955,60,18,4:04,4:23
956,33,67,4:13,4:31
957,87,74,4:10,4:29
958,75,13,4:15,4:37
959,29,75,4:21,4:35
960,22,62,4:26,4:40
961,46,29,4:28,4:40
962,3,4,4:23,4:44
963,15,50,4:35,4:45
964,44,29,4:31,4:40
965,95,20,4:38,4:50
966,98,57,4:38,4:46
967,93,29,4:37,4:55
968,64,97,4:30,4:48
969,78,43,4:39,4:50
970,83,2,4:39,4:56
971,16,61,4:39,4:53
972,73,10,4:39,4:56
973,4,97,4:38,4:53
974,34,2,4:50,5:05
975,79,52,4:42,5:03
976,87,77,4:57,5:06
977,25,95,4:49,4:59
978,19,100,4:52,5:06
979,68,1,4:52,5:09
980,78,33,5:03,5:11
981,13,28,4:52,5:12
982,53,4,5:15,5:20
983,9,27,5:02,5:17
984,34,48,5:13,5:23
985,30,78,5:16,5:37
986,58,22,5:14,5:36
987,8,82,5:30,5:35
988,23,54,5:28,5:36
989,19,65,5:24,5:41
990,50,77,5:37,5:47
991,63,92,5:28,5:47
992,61,97,5:30,5:46
993,36,73,5:34,5:47
994,65,82,5:29,5:51
995,12,75,5:30,5:47
996,91,3,5:41,5:48
997,92,24,5:46,6:00
998,37,3,5:48,6:02
999,69,79,5:48,6:03
1000,81,21,5:55,6:05
