0,28.6,25.4,22.8,25.8,13.4,30.9,26.4,22.2,25.3,27.0,17.0,19.7,30.1,22.3,26.0,12.3,17.8,7.5,19.9,23.8,23.1,26.2,17.4,18.3,31.8,5.1,27.0,11.7,12.3,24.4,14.7,8.1,24.1,29.8,25.9,13.8,9.3,24.2,11.3,29.4,7.3,34.0,24.5,3.1,34.3,30.8,30.5,17.6,32.4,29.3,14.1,11.3,20.9,25.9,13.5,22.1,7.0,17.6,20.7,17.7,21.9,13.9,27.0,18.1,8.7,17.2,7.9,3.2,24.9,33.8,4.6,3.3,34.7,30.5,21.1,22.5,8.6,10.2,22.6,22.8,9.0,9.0,10.5,13.3,6.7,14.9,17.7,9.7,22.9,4.4,19.2,9.5,21.1,24.6,18.3,13.2,18.1,16.1,24.9,2.2
27.1,0,22.9,8.9,8.1,25.4,10.1,26.1,9.7,11.9,9.4,12.5,27.1,3.6,10.9,18.4,18.0,11.3,27.5,10.5,24.5,8.1,5.8,10.8,12.2,9.1,20.5,19.7,27.0,32.1,7.5,26.5,29.5,15.8,8.8,11.5,33.1,29.9,6.9,19.9,0.8,23.0,4.0,10.7,27.6,5.3,8.0,18.7,11.9,9.2,3.2,36.2,17.5,24.5,6.6,35.1,8.9,26.7,13.5,23.7,15.9,9.0,17.2,20.4,13.7,21.3,15.2,29.4,28.3,22.3,3.5,21.9,25.6,5.1,7.8,9.9,10.4,23.9,18.0,11.5,15.9,19.4,29.1,25.3,25.9,21.3,15.8,14.6,29.8,14.8,21.7,32.3,29.0,9.5,17.0,14.0,31.7,13.5,14.2,25.4,28.2
25.9,22.5,0,17.9,30.7,15.6,18.1,1.7,22.9,12.5,14.6,18.6,7.9,24.5,16.3,6.0,23.9,20.0,25.2,22.1,2.4,22.8,26.7,19.0,20.4,16.7,24.5,2.9,17.3,23.1,18.3,16.1,19.6,10.9,17.3,17.5,18.1,22.5,23.8,26.2,22.6,20.0,22.2,15.8,23.8,23.6,16.6,3.0,18.6,17.5,25.2,25.6,25.7,7.3,27.1,24.1,26.4,19.1,12.2,4.7,22.5,27.0,23.7,3.5,19.2,27.0,12.2,26.2,25.8,0.8,21.8,25.8,23.0,24.2,16.2,16.7,28.0,27.9,25.8,14.6,13.5,26.2,25.8,15.2,15.9,29.0,21.7,12.4,22.9,11.4,25.4,16.9,25.8,26.9,10.4,17.6,22.7,21.9,20.5,1.4,24.5
21.0,8.9,18.1,0,20.1,19.6,7.3,22.1,6.4,5.9,5.7,6.4,22.3,12.4,2.8,13.6,11.0,7.7,21.2,11.3,19.4,6.3,9.0,6.4,6.6,7.9,14.8,14.4,20.6,25.7,1.1,19.9,23.0,8.2,4.1,2.7,26.2,22.8,6.3,13.4,8.9,17.2,10.7,3.4,20.7,11.0,7.8,14.2,6.7,8.4,10.1,30.3,12.7,20.0,9.7,29.1,8.1,20.4,6.1,19.8,9.6,7.8,10.8,15.4,7.1,15.2,7.1,22.6,22.3,17.7,9.5,16.6,18.7,11.9,5.3,2.5,17.9,16.3,12.7,3.7,5.8,13.2,22.3,18.8,19.8,16.8,9.1,8.7,23.6,7.3,16.8,23.4,21.9,7.8,6.8,6.8,25.3,7.4,7.4,20.6,21.3
25.4,6.7,29.2,11.9,0,25.0,16.6,32.6,9.8,18.9,16.7,14.6,30.9,5.5,12.2,25.2,15.6,11.4,26.5,10.1,30.4,6.1,2.9,10.1,13.7,14.9,21.4,26.7,26.4,31.2,11.0,25.2,29.2,17.8,16.0,15.8,31.2,29.1,6.5,20.0,6.2,22.1,9.3,15.1,26.1,7.6,14.7,25.7,12.8,15.7,4.9,35.8,18.0,31.4,3.7,34.4,5.0,26.1,16.2,30.8,13.0,7.1,13.0,26.3,12.9,18.5,17.3,28.7,25.8,29.1,9.3,24.4,26.4,9.8,14.5,12.4,4.6,22.2,18.4,17.4,17.2,19.2,28.4,24.7,25.3,21.5,13.1,18.2,29.2,17.6,22.2,29.5,27.9,4.6,18.5,17.1,31.0,13.6,13.6,31.9,26.5
14.4,24.8,14.4,18.8,26.6,0,26.0,14.6,18.8,20.8,22.2,13.5,8.4,26.4,18.9,14.6,16.4,17.7,12.2,17.7,12.8,18.9,21.9,15.2,13.5,24.2,12.9,16.1,3.3,13.9,20.9,1.4,7.2,15.8,24.5,22.9,8.6,6.5,20.1,22.0,24.9,7.8,30.3,21.4,12.0,30.7,24.6,16.7,14.4,25.5,26.1,16.0,12.5,8.9,23.7,14.1,23.1,6.7,13.4,10.5,14.5,23.3,15.8,15.7,13.6,20.8,13.3,13.9,13.2,13.7,29.4,12.8,10.0,31.5,23.7,19.0,24.9,20.5,11.9,20.1,19.5,20.5,13.3,1.0,1.1,16.4,14.1,13.8,6.3,14.8,12.7,6.9,13.8,22.9,18.4,15.0,12.9,19.0,13.1,13.5,12.7
30.9,8.2,18.3,8.0,15.2,26.4,0,21.7,12.6,7.5,4.7,17.3,22.4,10.2,14.8,14.1,20.9,14.3,30.4,14.3,19.6,11.9,14.6,14.8,16.5,1.5,24.1,13.6,27.6,34.0,8.6,27.2,31.8,12.7,4.5,5.5,29.3,31.4,11.0,21.8,7.7,25.4,8.0,5.7,29.7,8.7,1.9,11.8,16.5,1.3,10.1,36.2,21.2,19.6,14.6,34.7,19.9,28.9,15.7,20.2,18.4,19.4,17.2,15.9,16.1,23.9,16.1,31.3,32.0,18.1,8.0,25.5,28.6,9.7,4.1,10.2,20.6,27.0,21.7,9.0,10.3,21.6,31.1,26.1,26.6,25.0,18.0,17.4,31.5,16.6,25.2,27.6,31.7,19.1,12.1,16.1,34.2,16.8,16.6,21.2,31.2
25.1,25.7,1.1,20.3,33.9,14.2,21.5,0,26.2,16.4,16.9,21.1,6.2,27.2,20.3,6.8,26.9,23.3,24.3,25.1,2.4,26.1,30.0,22.2,24.2,19.4,23.5,4.1,16.3,22.9,21.6,15.3,18.3,12.3,20.2,20.2,17.0,21.1,26.8,28.9,25.4,18.8,25.3,19.3,22.9,25.9,19.7,4.7,21.4,20.7,27.4,23.8,24.3,5.5,30.4,23.3,29.7,17.7,14.4,3.6,25.3,30.5,26.5,3.9,22.2,30.9,14.6,25.0,24.2,0.7,25.1,24.3,21.0,26.8,18.9,19.9,31.3,30.8,22.4,17.7,16.4,28.1,24.8,14.1,15.2,27.5,24.5,13.9,21.4,14.0,24.2,14.8,25.3,29.9,13.5,20.1,21.3,24.2,23.4,0.4,24.1
19.7,8.6,23.1,5.6,13.4,18.0,10.2,26.3,0,14.0,10.4,7.4,24.4,9.4,4.6,18.2,10.3,3.8,19.9,3.0,24.2,2.7,5.7,3.4,7.2,11.4,14.0,19.5,19.9,24.8,4.0,18.5,21.9,11.0,8.7,7.1,24.6,21.7,2.9,12.4,8.5,15.8,14.5,6.6,19.9,12.8,10.7,18.7,6.6,11.4,9.5,29.2,11.4,24.1,6.2,28.0,5.1,19.5,10.4,24.2,8.4,5.4,10.2,19.7,6.0,15.0,11.0,21.8,20.7,23.1,14.2,15.3,18.0,13.9,9.2,3.7,10.7,17.0,11.9,6.0,10.3,11.6,21.6,17.6,18.2,15.8,8.8,12.2,22.0,11.5,16.0,22.3,21.6,5.6,11.9,10.5,24.6,6.0,7.0,25.4,20.4
25.3,12.4,13.2,6.4,21.8,20.2,7.2,16.9,13.5,0,1.8,9.4,17.1,14.5,8.1,8.9,15.6,10.9,25.2,12.5,14.0,14.2,17.2,10.7,11.2,6.7,19.8,9.5,22.4,29.5,6.8,22.1,27.3,5.8,3.2,5.2,23.7,26.6,14.8,16.5,12.3,20.7,12.7,3.6,25.0,13.4,6.6,9.0,9.1,7.6,14.6,30.8,16.7,14.8,18.0,29.4,17.9,24.5,8.1,14.0,13.3,17.9,14.0,10.7,9.9,18.9,9.3,25.8,25.8,12.9,12.2,20.4,23.5,14.1,3.6,5.1,19.9,19.3,17.0,4.7,3.8,16.9,26.3,20.7,21.1,20.5,12.7,9.0,27.3,6.8,20.4,21.1,26.6,17.4,5.7,8.5,28.6,12.6,11.2,15.5,25.1
27.3,9.4,15.4,5.4,22.4,22.7,4.7,18.9,11.8,2.4,0,12.0,19.4,11.9,5.9,10.7,17.3,12.6,27.6,13.5,16.4,11.1,12.8,12.6,13.8,4.2,21.2,11.5,25.3,31.4,5.9,23.9,29.3,8.7,1.2,2.6,26.4,29.1,10.5,19.2,8.8,23.6,10.7,1.8,26.9,10.8,3.9,10.2,11.4,4.8,12.2,32.9,18.7,16.7,13.4,31.2,18.6,26.2,10.0,17.0,15.5,18.0,16.4,12.5,12.2,23.3,11.1,28.3,28.2,15.3,9.6,22.7,25.1,11.6,1.7,6.0,19.4,21.5,19.3,3.9,4.9,19.3,27.9,22.9,23.1,22.4,14.5,11.1,29.1,7.6,22.7,24.3,28.8,18.4,6.5,10.7,30.7,15.5,13.3,18.3,26.9
14.3,15.0,21.1,8.5,16.9,12.9,17.0,24.7,7.9,11.6,13.2,0,19.6,16.2,7.5,16.3,8.6,6.5,15.8,7.4,22.5,8.3,11.8,5.3,1.5,18.3,10.3,18.0,14.8,19.9,7.4,13.8,17.4,5.9,15.5,12.3,20.1,17.4,9.5,10.9,14.6,11.6,18.9,10.9,15.5,18.1,17.7,16.5,1.8,18.6,15.1,24.8,7.5,20.3,11.7,23.6,12.3,15.4,3.7,21.6,5.3,12.1,6.2,18.9,1.8,17.2,5.1,17.4,16.1,21.2,18.8,11.3,13.4,20.6,15.5,8.6,13.3,19.3,7.5,8.9,8.0,9.8,17.0,12.7,14.6,10.4,5.7,3.8,17.7,5.5,11.0,17.9,16.5,11.9,6.7,4.2,20.2,8.2,3.9,23.8,15.0
20.8,26.8,7.1,22.5,33.7,9.9,22.3,8.8,25.6,17.3,18.9,20.2,0,28.3,21.1,11.2,27.7,24.0,19.8,25.1,6.0,26.0,29.3,22.4,20.1,21.4,19.1,9.2,11.6,17.9,22.4,10.7,14.9,13.3,21.7,21.5,12.9,17.2,27.1,30.3,27.0,15.3,26.7,20.5,18.2,27.2,20.2,12.9,20.4,21.7,29.2,19.8,20.1,1.5,30.0,19.0,30.3,13.5,15.7,2.6,22.1,29.6,28.2,12.2,20.4,27.2,16.6,20.4,20.1,7.0,26.5,20.0,16.9,27.9,20.5,21.0,31.8,27.0,18.6,19.1,16.6,30.4,20.2,9.7,10.6,23.4,20.5,15.3,17.1,14.9,19.9,11.0,20.8,30.3,14.4,21.7,17.3,25.4,20.5,6.2,19.8
29.2,3.1,24.7,11.4,6.5,26.9,11.9,28.7,12.0,13.7,11.8,17.0,29.0,0,12.8,21.0,19.7,13.4,29.5,12.3,25.7,10.1,6.4,12.1,16.3,10.3,23.3,21.9,28.6,34.0,12.1,27.7,30.8,19.8,12.0,14.1,33.3,31.1,9.1,21.3,2.2,25.1,4.5,12.8,28.8,3.3,10.3,21.2,15.2,11.6,0.3,38.4,20.6,26.8,6.7,36.9,15.0,28.8,19.0,26.6,17.3,15.4,21.8,22.2,14.6,23.5,19.7,30.9,30.0,25.1,3.7,25.3,27.3,5.0,10.6,11.9,14.7,26.1,20.9,14.5,17.7,21.1,30.6,27.2,27.9,24.3,17.1,24.8,31.2,20.3,24.4,31.8,30.6,15.1,19.0,18.7,34.1,14.3,15.8,28.3,29.2
21.0,9.7,17.3,2.6,17.8,18.5,10.1,21.1,6.6,6.0,5.8,5.1,21.9,12.0,0,13.3,11.3,7.8,21.2,9.5,18.6,6.5,10.5,6.2,5.3,14.8,12.5,13.9,21.1,25.9,2.8,19.9,23.6,5.8,6.2,4.4,25.5,23.3,11.8,13.1,10.4,17.1,12.7,4.5,20.7,13.4,13.8,13.4,4.4,15.6,11.1,30.3,10.4,18.4,11.0,28.8,14.0,20.7,4.7,19.1,9.4,14.4,10.9,14.5,6.6,14.2,5.5,22.2,22.0,17.8,11.8,14.1,19.1,14.1,6.6,1.1,15.5,15.5,9.6,2.6,5.5,13.1,22.4,18.7,19.3,13.9,8.7,6.3,23.5,5.2,14.0,23.8,22.3,14.1,7.4,4.3,25.7,9.4,8.0,20.1,21.4
29.0,18.0,6.6,14.4,26.7,13.5,13.5,7.3,18.0,8.3,9.8,14.1,11.2,20.6,12.8,0,20.3,16.3,23.1,17.5,7.5,18.0,22.8,15.3,16.4,12.3,24.9,4.5,14.9,21.9,14.8,14.1,17.9,7.3,12.6,12.8,16.3,21.0,19.8,21.8,17.9,19.1,18.8,11.5,22.9,19.0,12.3,2.6,14.0,13.1,20.6,23.7,21.5,8.6,22.7,22.4,22.9,16.6,7.9,8.7,17.8,23.2,19.6,4.4,16.1,23.5,8.2,24.0,30.7,7.4,17.3,25.7,20.4,19.7,11.9,12.8,24.2,24.6,22.1,10.7,8.7,22.1,23.3,13.1,13.7,24.6,17.5,9.6,21.2,7.4,24.8,14.8,24.3,22.1,6.3,13.7,21.0,17.5,16.3,7.2,29.6
9.9,19.8,25.8,13.8,17.1,21.7,22.8,29.8,13.0,17.6,18.5,11.8,28.3,22.0,13.5,21.9,0,9.0,15.0,7.9,27.6,13.8,17.5,8.6,11.6,23.0,8.9,22.9,21.4,20.2,16.7,22.0,16.8,15.0,21.2,16.5,22.1,17.7,15.5,2.1,20.4,15.6,25.4,15.8,10.9,24.7,22.1,21.7,11.8,24.2,20.4,22.4,11.8,27.9,18.2,21.2,12.5,15.4,13.1,27.7,5.3,12.6,3.3,23.6,11.3,3.2,13.9,15.9,10.5,26.4,24.8,9.4,11.6,26.1,22.6,13.2,14.9,5.1,10.6,14.1,14.0,1.8,16.6,21.5,21.9,5.5,4.3,14.5,18.3,14.2,8.7,27.4,17.2,12.7,15.6,13.7,21.1,5.5,7.6,29.1,10.5
19.3,12.1,21.5,8.9,10.1,16.5,12.8,24.7,3.6,12.4,13.0,6.1,23.3,13.7,7.7,17.4,7.0,0,19.5,2.7,22.6,3.4,9.8,1.5,5.3,14.1,13.1,18.1,19.0,23.2,6.4,17.8,21.5,10.6,11.6,12.7,22.9,21.0,3.8,10.7,11.7,14.7,15.6,12.4,18.4,15.9,13.3,17.4,4.8,13.3,13.5,28.0,10.8,22.9,7.1,27.0,6.4,18.1,8.6,22.8,4.1,7.0,3.8,19.3,4.9,12.6,9.5,20.3,20.2,21.5,15.4,14.1,17.1,16.7,12.5,7.2,7.7,13.8,11.0,9.8,9.5,11.4,20.1,16.8,17.0,14.3,3.7,10.3,21.8,9.3,14.2,21.3,19.8,6.3,10.4,9.1,23.5,1.7,5.5,23.8,19.1
7.5,27.0,23.3,20.5,28.9,11.7,29.5,23.0,20.8,24.7,25.9,15.1,17.5,28.1,20.7,23.5,16.3,19.0,0,19.5,20.9,20.4,24.6,17.5,15.5,30.4,10.6,25.2,6.6,5.5,22.5,12.0,1.2,16.9,27.6,24.2,6.8,2.9,21.9,15.5,26.4,5.8,32.0,23.8,6.5,31.2,30.0,29.4,15.8,30.8,28.3,9.8,14.4,18.1,24.8,9.6,25.3,2.6,14.9,18.5,16.9,25.6,17.3,23.9,15.4,13.5,15.4,2.4,6.9,23.0,31.6,7.9,7.4,32.6,28.6,20.6,26.7,12.9,13.5,21.4,21.0,14.3,1.4,11.4,11.7,11.1,16.3,15.0,1.9,16.8,8.6,12.4,0.8,24.3,17.6,16.7,6.3,20.5,15.6,22.8,6.8
19.1,13.0,22.8,10.9,9.3,18.3,14.5,26.0,3.6,13.7,14.3,7.2,24.6,14.7,8.2,18.5,7.0,1.9,19.9,0,24.0,3.0,11.5,2.4,7.0,14.6,15.0,19.0,19.8,24.9,7.4,19.1,21.9,11.6,12.3,12.7,24.3,21.9,4.0,12.3,13.3,15.4,16.5,12.7,19.6,17.1,14.6,18.9,6.9,14.2,14.1,28.6,11.7,24.5,5.6,27.4,5.2,19.4,10.1,24.9,5.9,5.4,5.0,20.2,5.1,12.3,11.1,21.7,20.1,23.0,16.6,16.2,17.6,18.7,13.1,8.0,6.5,14.4,12.1,11.1,10.0,11.8,21.0,18.3,18.6,15.2,6.1,11.7,21.7,11.3,15.5,22.2,21.4,4.8,12.1,9.7,24.9,3.4,7.0,25.5,20.8
24.1,24.4,3.6,19.5,32.6,13.2,19.2,4.0,23.7,14.5,16.6,19.8,4.6,27.0,18.1,7.8,25.3,22.0,22.2,23.9,0,24.8,28.6,21.2,22.7,18.3,22.1,4.6,14.5,21.1,20.2,13.5,17.0,11.5,18.4,19.0,16.3,19.9,25.4,27.9,24.5,18.2,23.9,17.5,21.7,25.2,18.7,5.3,20.3,19.3,27.3,22.6,22.9,4.5,28.5,22.0,28.9,16.7,13.6,2.4,24.0,29.2,25.6,4.6,21.7,29.5,14.7,24.0,23.6,3.3,24.1,22.8,19.8,25.0,18.2,19.3,30.0,30.4,21.9,16.8,15.1,27.2,23.6,13.0,13.1,26.6,23.7,12.7,19.9,12.6,23.4,13.7,23.1,29.2,11.8,18.7,20.5,23.2,22.2,2.3,22.4
22.0,8.4,25.5,7.1,7.0,21.0,12.6,29.6,4.5,16.6,12.3,10.3,26.9,9.5,6.7,21.7,9.5,3.9,23.1,3.5,26.7,0,5.6,6.6,9.9,12.6,18.0,21.8,23.1,27.9,5.8,21.9,25.0,14.0,11.2,9.0,27.8,24.7,1.7,15.2,8.1,18.9,14.4,11.6,23.0,12.6,12.8,21.6,9.9,12.3,9.1,32.1,14.4,27.6,4.1,31.3,2.0,22.5,12.7,27.0,11.8,2.3,6.7,23.0,8.5,17.7,13.4,24.5,23.8,25.4,13.7,19.0,21.6,13.7,11.6,7.4,3.1,20.3,14.5,8.6,14.0,15.6,24.1,20.9,21.2,18.1,11.3,14.9,24.9,13.9,18.5,25.9,24.0,2.6,14.4,12.5,28.0,6.8,9.3,28.5,23.5
24.7,3.2,27.9,9.2,5.1,22.8,16.4,31.2,7.6,18.1,16.1,12.3,29.1,4.1,10.4,23.6,15.5,8.8,25.5,8.1,28.4,6.1,0,8.7,11.6,14.3,19.3,24.7,25.3,29.3,8.1,23.6,27.2,16.2,16.2,10.7,30.0,26.7,4.9,17.1,4.6,21.2,8.9,13.5,24.1,7.6,14.1,23.6,11.2,16.3,4.1,34.1,16.8,29.3,2.5,33.0,6.6,24.5,15.4,29.5,13.7,6.8,15.2,25.3,11.3,19.3,15.4,26.5,26.2,27.8,8.6,20.6,23.0,8.7,14.3,9.8,6.9,21.1,16.7,15.8,15.0,17.0,26.0,22.6,23.5,20.0,13.3,17.0,27.2,15.9,20.0,27.1,25.8,6.2,17.1,15.7,29.4,10.5,11.5,30.3,25.2
18.1,13.2,21.2,6.8,11.8,17.2,15.1,24.7,5.0,13.1,13.8,5.6,22.7,14.4,6.0,17.1,7.9,1.4,18.9,3.7,22.5,4.2,10.7,0,5.9,15.2,12.8,18.5,18.6,22.9,7.7,18.2,20.9,10.1,12.8,9.0,23.3,20.8,5.3,10.3,13.8,14.0,17.1,13.0,18.7,17.9,14.6,17.3,4.6,15.3,14.1,27.5,10.1,22.5,7.5,26.5,8.1,17.5,8.8,23.1,4.3,8.3,4.0,18.6,4.3,10.8,9.6,19.7,19.1,20.9,16.7,14.4,17.1,19.0,13.4,6.2,9.8,12.3,10.4,8.5,9.1,9.6,20.0,16.6,17.3,13.9,4.6,9.3,21.1,9.9,14.2,21.0,20.1,8.2,11.3,9.0,23.5,3.3,3.8,24.0,18.3
15.2,11.7,18.1,5.0,15.9,13.8,16.1,21.7,7.7,9.0,9.8,1.8,21.4,14.6,5.0,14.0,9.9,6.0,15.8,6.5,19.1,7.0,11.4,4.7,0,15.2,10.6,15.2,15.8,20.3,6.6,15.0,18.4,6.5,10.4,8.5,20.3,17.3,8.5,10.9,11.7,12.4,15.0,8.2,15.7,15.9,15.1,14.3,1.5,16.4,14.7,25.3,7.2,20.3,12.3,23.1,12.0,15.2,4.9,19.8,7.4,11.7,9.3,15.1,1.7,12.6,5.3,17.3,15.4,18.5,14.4,11.6,14.2,15.8,14.8,4.3,12.8,13.9,7.0,6.1,5.9,10.9,17.1,13.7,14.1,11.1,6.9,4.2,18.5,6.8,10.5,18.5,17.6,11.3,7.2,2.4,20.3,7.1,5.9,20.8,15.4
30.7,7.7,16.7,8.6,15.0,24.4,2.3,20.5,12.6,6.5,4.1,15.8,20.8,11.0,13.3,12.7,20.1,14.2,29.6,15.6,17.6,12.7,15.4,14.3,17.4,0,24.5,14.1,26.0,33.4,8.4,25.5,32.4,12.0,3.6,4.7,27.9,32.3,12.1,22.6,7.6,25.5,8.7,4.3,30.0,9.0,0.6,12.7,16.2,1.6,10.4,35.4,21.7,18.9,14.8,33.1,19.4,29.3,14.0,18.1,18.8,20.1,18.2,14.1,15.7,24.6,14.6,31.6,30.6,17.1,7.7,25.8,28.5,9.7,2.4,14.0,21.3,26.6,22.0,10.6,9.9,21.8,31.0,24.8,25.2,25.2,18.5,16.1,32.3,15.0,25.7,25.5,31.9,19.6,11.2,14.3,32.1,17.4,16.9,20.0,30.7
5.1,21.4,25.3,16.3,24.0,14.1,24.8,26.0,15.8,18.8,19.7,9.0,20.3,24.0,15.1,22.9,6.7,15.2,9.9,16.1,23.1,16.4,20.4,13.4,10.6,24.1,0,24.3,12.3,14.2,15.9,14.1,12.9,12.9,23.4,18.2,20.0,12.7,18.0,4.9,20.8,6.9,27.5,17.8,3.8,27.4,23.7,23.5,11.1,25.7,23.3,17.8,5.4,20.5,21.0,17.5,20.2,9.1,11.3,21.3,10.1,20.0,7.4,26.9,11.0,8.3,10.9,11.0,5.1,25.2,26.6,1.0,3.9,28.7,24.5,14.4,22.3,7.0,3.7,15.5,15.3,5.9,11.4,13.3,14.1,3.1,9.8,10.1,11.6,12.9,0.9,18.2,11.2,21.0,13.1,12.1,14.5,16.3,11.4,25.3,4.9
31.0,19.0,2.8,15.0,28.3,16.1,14.1,4.1,19.8,9.0,11.5,15.9,8.7,21.4,14.4,5.3,21.0,17.1,25.3,19.3,4.8,19.8,23.1,16.2,17.8,12.8,26.2,0,18.3,24.6,15.4,16.9,21.1,10.3,13.9,14.7,20.0,23.8,20.8,23.0,19.0,20.9,19.4,11.8,25.3,20.2,13.1,1.7,15.2,14.2,21.4,26.4,23.1,8.6,24.1,25.1,24.4,20.4,10.5,6.2,18.8,24.4,20.4,3.0,16.7,24.3,11.4,27.1,31.9,2.8,19.2,26.2,23.9,21.0,13.5,14.2,25.3,25.9,22.9,11.7,10.1,22.4,26.9,16.5,17.2,26.4,18.6,12.3,23.8,11.1,26.5,17.7,26.8,24.3,9.1,14.7,24.6,19.1,17.8,4.0,31.4
11.4,25.9,15.8,20.8,28.1,1.8,26.8,15.4,19.8,22.5,23.4,14.1,9.0,27.1,19.5,16.4,16.9,19.3,7.2,19.5,13.4,19.7,24.0,16.8,14.8,25.4,11.7,17.0,0,8.9,22.2,2.0,5.4,18.4,25.9,23.4,2.4,4.4,20.8,22.0,26.9,6.4,31.1,24.5,9.0,31.7,25.5,18.0,14.8,26.4,27.0,13.6,13.6,10.4,25.1,12.0,24.5,4.9,14.5,11.5,15.8,24.3,16.7,17.0,14.9,20.7,14.8,6.2,11.0,15.2,31.3,11.2,8.7,33.2,25.5,19.9,26.1,20.3,10.7,20.7,22.4,20.3,5.7,1.9,2.7,17.8,15.1,14.9,4.6,16.5,11.8,4.0,6.9,24.2,18.9,15.6,11.2,20.4,14.4,15.2,10.2
11.6,32.9,23.3,26.0,34.4,12.7,34.8,24.0,26.3,30.3,30.8,21.0,17.9,33.8,25.9,24.2,20.5,24.6,5.1,25.8,21.1,26.6,30.2,22.6,21.7,34.0,15.6,25.0,9.0,0,28.1,12.8,5.4,22.6,33.1,30.3,7.7,5.2,27.9,20.4,32.8,10.4,37.7,29.4,10.6,36.8,33.1,26.1,21.2,34.9,33.4,4.5,19.8,17.7,30.7,3.0,30.1,6.3,21.1,18.8,22.2,30.4,22.6,24.7,21.0,18.9,21.0,3.1,11.8,23.2,36.3,12.9,11.5,38.0,33.2,26.5,32.3,18.6,19.1,27.1,26.7,19.0,4.0,13.9,12.7,15.6,21.5,20.3,5.2,22.6,12.5,10.0,4.5,30.9,23.4,21.7,2.3,26.2,20.2,22.2,11.0
21.9,8.7,19.2,0.8,20.5,20.1,7.8,22.4,7.6,7.0,5.8,7.5,22.7,13.1,3.4,14.3,12.5,8.5,22.6,11.1,20.0,7.3,9.4,8.7,7.9,8.7,17.1,15.5,22.0,26.2,0,20.8,24.5,8.2,4.6,3.9,26.2,24.6,6.4,14.5,8.7,17.9,10.3,4.2,22.2,11.7,8.8,14.7,7.6,8.8,10.7,31.5,13.2,20.7,9.9,29.5,8.1,20.9,7.5,20.9,10.4,7.6,11.7,16.6,7.6,20.9,8.5,23.5,22.7,18.8,10.4,17.5,19.7,11.8,5.6,2.8,9.0,23.9,13.7,4.2,6.7,14.0,22.8,19.7,20.3,16.9,10.9,9.1,24.1,7.8,17.7,25.0,23.1,8.3,7.8,8.1,26.3,8.7,8.8,21.8,23.0
14.3,26.0,14.8,19.8,27.9,1.4,27.2,15.6,19.7,22.3,23.0,13.5,9.4,27.5,19.8,15.3,16.6,17.9,13.5,18.4,12.9,19.1,23.5,16.7,15.0,25.4,13.1,17.1,3.6,11.7,21.6,0,6.7,16.5,25.1,22.4,6.6,6.0,20.4,23.7,25.9,8.9,31.4,22.4,13.0,32.1,25.6,17.8,15.4,26.2,26.1,12.9,13.5,10.2,24.1,12.3,23.5,7.2,14.4,11.2,15.0,23.9,16.4,16.5,14.1,21.3,13.9,7.8,14.0,15.6,30.5,12.4,9.2,32.5,24.4,19.1,25.3,20.4,12.0,20.5,19.8,22.0,8.0,1.9,0.4,17.2,15.3,14.4,7.2,15.3,12.0,4.2,7.9,24.1,19.3,16.2,11.0,18.9,14.4,14.6,14.1
8.8,27.5,19.7,20.1,29.1,7.6,29.4,20.6,20.9,25.5,25.1,14.9,14.3,28.5,20.4,20.9,17.6,18.7,1.7,20.7,17.8,21.0,24.6,17.4,15.4,30.0,10.6,21.3,7.4,6.2,22.4,8.0,0,17.6,27.5,24.2,6.3,1.9,21.4,16.9,26.8,3.9,32.4,23.6,6.2,30.8,29.7,29.2,16.4,31.5,28.3,11.0,9.2,14.8,24.7,9.8,24.9,1.4,15.7,15.1,16.8,25.1,17.1,20.7,15.3,15.3,15.0,3.0,7.9,20.0,31.5,10.1,6.8,32.8,28.3,21.0,26.0,14.2,9.5,21.7,21.2,15.4,2.3,6.1,7.3,12.3,16.4,15.3,1.3,16.9,9.3,8.8,1.6,25.2,18.2,16.2,6.5,21.0,14.7,19.4,7.1
24.2,17.4,11.1,7.8,21.2,18.8,13.4,12.0,13.2,6.5,7.1,6.7,14.7,19.9,6.7,6.0,13.5,10.6,18.9,12.4,12.1,13.4,16.8,9.9,7.1,12.5,12.9,9.7,20.0,27.1,9.3,19.3,20.7,0,6.7,7.4,22.2,20.5,14.0,15.7,17.1,14.3,17.7,6.0,18.4,18.3,10.8,8.5,7.8,12.7,21.0,28.8,10.0,12.1,17.6,27.4,17.0,18.2,2.9,12.4,13.0,16.9,14.0,8.0,9.9,17.3,3.5,20.2,24.9,10.6,17.1,13.9,16.8,19.6,7.5,5.9,18.3,19.0,10.1,4.8,2.7,15.7,19.8,18.7,19.8,13.9,12.0,4.5,21.4,1.6,13.6,20.1,20.1,16.5,1.5,5.0,26.6,12.1,10.5,11.3,24.3
29.5,7.7,17.5,4.9,22.2,24.6,4.6,21.0,10.5,3.4,1.2,11.0,20.7,11.7,6.4,12.7,16.5,11.9,28.1,12.5,18.6,10.4,12.6,12.3,15.2,4.6,22.2,13.8,27.2,32.4,5.0,25.8,30.1,7.9,0,1.9,27.7,29.9,9.7,18.0,8.0,24.2,9.8,1.5,28.2,10.2,3.9,12.9,14.1,4.6,12.5,35.2,19.2,18.9,12.9,34.0,17.8,27.5,10.0,18.1,14.3,17.1,16.1,14.3,14.0,22.5,10.5,29.5,29.8,17.5,9.2,23.8,25.4,10.8,1.0,5.8,19.4,24.9,19.0,3.8,6.0,18.7,29.4,24.4,25.1,23.8,14.3,15.7,29.9,8.3,24.0,26.7,29.4,18.1,6.5,9.3,32.4,14.6,12.5,19.9,29.2
24.5,8.9,16.7,2.6,22.1,22.6,5.5,20.3,8.2,4.2,2.0,9.8,20.3,10.1,4.9,11.7,14.9,12.5,25.3,13.7,17.7,9.1,12.7,9.2,11.2,5.4,19.5,12.7,24.5,28.8,3.4,23.5,26.9,7.4,1.5,0,28.1,26.4,7.2,17.3,8.7,20.7,10.3,0.7,24.0,10.9,4.3,12.4,9.2,5.8,10.6,34.4,16.1,18.3,14.1,32.6,18.3,23.7,8.5,18.3,12.6,17.8,14.3,13.5,10.0,17.9,9.0,25.9,26.0,16.8,9.8,19.6,23.2,11.2,2.6,3.7,19.2,19.1,15.9,3.2,6.0,15.9,25.8,22.4,23.6,20.5,12.6,9.9,26.6,6.3,20.6,25.0,26.5,17.8,7.0,7.8,29.0,15.2,10.8,19.3,24.3
17.9,31.2,16.7,24.5,32.9,4.2,27.4,16.4,25.0,23.1,24.1,19.1,10.4,32.2,24.9,16.1,26.7,23.8,8.0,23.9,14.1,24.5,28.4,21.5,19.0,25.9,13.7,17.8,2.1,8.2,26.1,4.1,5.5,19.4,26.8,27.1,0,5.7,25.4,26.2,30.6,7.4,32.1,26.2,16.2,33.4,26.1,18.5,19.9,27.0,31.8,10.5,18.6,10.6,29.1,9.0,28.6,6.5,19.6,12.7,19.9,29.0,21.3,17.0,18.8,24.1,19.4,7.2,17.1,15.5,31.6,13.2,10.2,34.0,26.4,24.7,29.9,24.6,16.8,24.6,22.4,25.5,6.5,4.6,4.1,22.3,19.7,19.3,5.9,20.4,13.2,3.4,7.1,28.9,20.0,21.1,7.8,23.8,18.7,14.8,16.8
10.1,28.8,25.4,23.0,31.4,7.6,31.7,25.5,22.2,26.1,27.1,17.4,18.7,29.7,21.8,25.4,19.5,21.6,1.9,22.0,23.0,22.1,26.7,19.7,17.5,31.8,11.0,26.3,5.1,5.0,24.6,7.6,0.8,18.9,29.9,25.8,6.4,0,23.5,18.1,29.0,4.5,33.4,25.2,7.3,33.2,31.4,31.6,17.7,32.5,29.6,10.1,16.7,19.9,26.7,8.8,26.8,2.0,17.3,21.4,18.6,26.6,19.2,26.3,17.0,16.5,17.1,2.5,9.2,25.0,32.7,10.5,7.6,34.8,30.7,21.8,28.1,16.3,14.9,22.9,22.7,16.5,2.2,7.2,7.8,14.5,17.9,16.5,0.3,18.8,9.9,12.5,1.8,27.0,19.5,18.4,5.3,22.4,17.5,24.0,9.5
22.5,6.6,24.0,5.9,7.0,19.5,11.0,28.3,4.7,15.9,10.8,8.9,25.6,9.0,7.6,20.6,12.7,6.3,22.2,3.3,25.8,1.3,4.3,5.4,8.6,12.1,16.5,21.8,22.0,27.1,4.9,21.0,24.3,13.0,9.2,8.3,26.1,23.8,0,14.2,7.0,17.8,12.5,10.3,21.3,11.3,12.2,20.7,8.5,11.6,7.2,31.3,13.2,25.8,4.1,30.0,2.6,20.7,11.2,26.0,10.8,3.6,12.3,22.1,7.9,16.2,13.0,23.3,23.3,23.9,12.5,17.4,20.0,13.3,10.6,7.1,3.3,18.4,13.3,12.4,12.6,13.4,23.6,20.0,20.2,16.5,10.0,14.1,24.1,12.0,17.9,24.5,23.4,3.2,13.3,11.8,26.2,7.6,8.8,27.1,22.2
9.0,20.6,26.8,13.8,19.0,15.0,25.1,29.7,14.1,17.5,18.2,7.8,21.6,21.7,13.5,22.0,1.6,9.5,14.9,9.1,27.2,14.2,17.2,10.0,11.9,23.4,5.1,23.6,21.1,20.1,18.0,16.1,15.2,14.7,22.7,17.7,21.2,17.7,14.9,0,20.3,15.2,27.9,16.4,10.2,24.8,22.1,22.9,12.1,24.0,20.8,21.0,7.0,27.3,18.0,21.3,14.4,14.3,14.1,28.1,5.4,14.9,4.8,23.8,9.5,3.0,14.6,15.3,9.6,25.8,26.3,6.1,10.9,26.3,22.8,13.5,17.0,3.8,6.3,14.4,14.8,1.8,16.2,14.9,15.7,4.3,5.3,9.4,17.3,14.5,5.6,19.3,16.6,14.8,16.1,13.9,20.3,9.8,7.8,29.0,10.5
28.0,1.5,22.7,8.5,8.1,25.7,9.8,26.5,10.2,12.0,10.0,12.5,26.3,3.5,10.9,18.3,18.0,12.3,27.8,10.9,23.8,8.8,5.7,11.1,13.0,8.0,20.4,19.4,27.3,32.7,7.9,27.0,30.3,15.5,9.1,11.7,32.8,29.6,7.5,19.9,0,23.5,4.1,10.2,27.5,4.7,7.7,18.3,12.3,9.1,3.7,37.1,17.3,24.4,7.3,36.1,9.0,27.6,13.8,23.7,16.2,9.4,18.1,20.4,13.6,20.9,15.1,29.3,28.9,22.8,3.4,21.9,25.8,5.6,8.4,9.9,10.4,24.0,18.4,11.6,15.1,19.3,29.2,25.7,26.0,21.5,15.9,14.6,30.3,14.5,21.9,31.4,29.9,10.1,17.0,14.6,32.0,13.8,14.3,25.1,28.5
8.2,23.8,19.8,16.5,24.5,7.1,24.9,19.8,17.3,20.9,21.2,11.5,13.3,23.7,16.6,19.5,17.7,15.2,4.8,16.0,16.9,16.6,20.0,13.8,11.8,25.8,7.4,20.5,6.4,9.0,19.2,8.0,4.4,13.3,23.8,20.6,8.5,4.4,17.8,16.4,22.3,0,28.0,19.1,4.7,27.0,25.8,25.4,12.4,26.8,23.9,13.5,6.3,14.1,20.9,11.3,21.1,2.5,11.7,15.4,10.7,20.8,11.7,20.1,11.2,14.6,11.8,5.9,7.5,18.9,27.6,6.5,3.9,28.5,24.1,15.9,22.2,13.9,6.8,17.7,17.0,14.2,5.0,4.6,8.0,11.7,10.9,11.4,3.9,12.8,6.3,7.7,4.0,20.6,14.0,12.5,9.1,16.3,11.8,18.3,6.3
33.2,4.3,23.6,9.3,10.2,31.0,9.9,27.4,16.1,13.3,10.3,16.1,27.6,3.9,19.9,19.1,23.0,16.1,31.7,16.5,24.6,14.1,9.6,16.8,18.5,9.5,26.3,21.1,33.0,36.4,10.9,32.2,34.0,18.3,10.5,12.7,34.6,34.2,13.4,24.0,4.5,28.0,0,11.4,31.7,1.3,9.2,19.9,18.4,10.2,4.0,41.0,23.4,24.7,11.4,40.1,18.3,30.6,20.7,24.7,21.1,17.7,19.7,21.0,18.1,26.4,21.0,33.7,33.9,23.2,1.4,28.0,30.5,3.5,9.2,12.0,15.9,28.0,23.8,12.7,16.6,24.4,32.9,31.1,31.3,27.1,20.9,22.7,33.4,22.4,27.2,32.3,33.1,18.1,17.8,20.9,36.5,19.0,18.0,25.7,33.7
24.7,8.6,16.1,3.2,22.5,21.9,5.3,19.8,9.0,3.9,2.0,9.6,20.2,10.4,4.1,11.5,14.6,12.4,25.3,13.2,17.2,9.0,13.4,10.7,11.1,5.5,19.0,12.8,24.0,28.9,3.0,23.6,26.6,7.6,1.4,1.2,26.6,26.5,8.3,16.4,8.8,20.6,11.7,0,24.0,12.5,5.5,11.8,8.6,5.1,10.8,33.3,16.2,17.8,13.7,32.0,18.1,23.9,7.6,17.8,12.3,18.0,13.6,13.3,9.8,17.6,8.6,25.8,24.9,15.7,11.1,20.0,22.3,10.8,2.5,3.4,19.8,19.0,16.5,2.9,4.0,16.5,25.4,22.3,22.9,19.5,12.2,9.4,26.9,6.7,19.4,24.6,26.3,17.7,5.5,8.5,29.0,14.9,11.3,18.1,24.4
2.3,28.8,22.0,22.8,25.7,9.4,31.6,22.7,22.3,25.8,26.5,12.1,16.6,29.5,21.3,23.4,11.6,18.4,4.8,19.6,19.6,22.5,26.1,17.8,14.9,31.8,3.6,24.1,9.7,10.9,24.8,10.5,6.5,15.6,29.6,25.3,11.5,8.1,23.7,11.6,28.8,4.3,34.1,24.4,0,34.5,31.3,30.7,15.1,32.4,30.1,13.3,7.8,17.0,25.7,13.5,21.4,7.1,13.2,18.0,17.6,21.7,13.7,23.6,14.6,9.7,12.7,7.0,1.9,22.7,32.9,3.7,1.7,35.2,30.3,22.0,22.7,9.0,5.3,22.9,22.2,9.9,6.8,8.8,10.4,6.4,14.2,12.9,8.7,15.5,2.6,11.2,5.9,21.4,23.9,14.4,10.3,17.6,16.2,21.6,1.4
33.6,5.1,24.0,10.4,11.2,32.0,11.3,28.0,17.5,13.7,10.7,16.7,27.8,4.2,20.7,20.1,23.1,16.9,32.7,17.9,25.2,14.7,10.5,17.2,19.6,10.2,27.1,21.5,33.8,37.5,11.3,33.3,34.2,18.9,10.2,13.7,34.9,34.4,13.9,24.8,4.2,28.1,2.5,12.1,32.5,0,9.0,20.3,18.9,10.4,5.3,42.1,24.1,25.4,11.4,41.1,18.0,31.7,21.7,25.2,21.3,18.7,21.0,21.8,17.9,26.5,22.1,33.6,34.7,23.9,1.7,28.3,30.5,1.4,9.6,12.8,17.4,29.8,24.4,12.8,16.2,24.4,33.8,32.1,32.6,27.6,20.9,23.5,35.2,22.0,28.0,33.3,33.6,18.4,18.6,21.3,37.6,19.7,19.8,26.3,34.1
29.5,7.3,16.8,6.9,14.8,24.8,1.7,20.7,11.9,6.4,4.9,17.0,20.8,9.5,9.2,12.7,19.2,12.4,29.3,13.9,18.1,11.6,13.3,13.1,15.6,1.2,23.6,14.1,26.5,33.4,7.8,26.1,31.6,11.7,3.8,4.9,28.1,30.9,10.6,20.8,6.9,24.9,7.1,4.4,28.9,8.3,0,13.3,14.9,1.2,10.2,34.8,20.9,18.6,14.4,33.2,19.1,28.5,14.0,18.5,17.2,18.6,17.2,14.7,14.8,23.6,15.7,30.5,31.4,17.1,7.0,25.2,27.2,8.7,4.1,9.7,20.2,25.5,21.1,7.2,9.2,20.8,29.9,24.8,25.1,24.4,16.7,16.0,31.2,15.7,24.9,25.4,30.4,18.7,11.2,14.7,33.5,16.1,15.5,19.5,31.0
30.4,17.7,3.4,14.2,27.3,15.5,13.9,5.5,19.4,9.0,10.1,14.9,9.5,20.1,13.3,2.2,19.9,16.8,24.6,18.2,5.3,19.2,23.2,16.2,17.6,12.7,24.7,1.6,17.1,23.4,14.9,15.8,20.4,8.9,12.9,13.6,18.9,22.3,20.4,22.3,18.0,20.4,18.6,11.7,24.6,19.2,11.7,0,14.6,13.1,20.6,25.4,22.2,9.5,23.5,24.1,23.3,19.1,9.6,6.9,18.4,23.4,19.7,2.5,15.9,23.7,11.2,26.1,31.6,4.1,17.5,25.8,22.7,19.2,11.5,13.8,24.7,25.0,21.8,11.0,8.9,21.6,25.4,15.3,16.1,26.0,18.2,11.2,22.7,8.8,25.2,16.7,26.1,23.1,8.0,13.6,23.1,17.7,16.8,4.5,30.2
14.6,13.0,19.9,7.5,14.8,13.5,15.5,23.4,7.0,10.8,11.0,1.7,19.9,14.2,6.5,15.0,9.2,5.6,15.5,5.9,21.3,7.4,11.2,4.2,1.2,17.1,10.2,16.5,15.6,20.4,7.9,15.1,17.4,8.4,13.4,10.4,20.4,17.2,8.0,11.6,12.9,11.5,18.5,9.5,16.0,17.6,15.4,15.3,0,17.1,14.7,24.7,6.7,21.2,10.7,23.8,10.9,14.7,6.4,21.0,5.6,10.6,10.4,16.6,0.7,16.1,7.5,17.1,16.6,19.7,17.9,11.6,13.9,18.5,14.6,6.1,13.0,17.8,6.7,7.8,8.0,11.3,17.3,13.1,13.9,10.4,5.8,5.4,17.6,7.9,11.3,18.6,16.9,11.1,8.9,4.0,20.3,6.2,4.0,22.2,15.7
30.3,7.1,18.8,7.4,15.2,27.0,1.0,21.5,11.8,5.9,4.9,16.7,22.8,9.4,9.3,14.3,19.0,13.2,28.9,14.2,19.5,11.8,13.0,14.2,15.5,1.7,23.7,15.4,27.9,34.2,7.6,27.8,31.4,13.6,3.6,4.3,29.0,31.3,10.8,21.8,6.8,24.9,7.6,4.6,29.1,7.5,1.9,14.2,15.9,0,10.0,38.3,20.8,19.9,14.1,36.6,19.1,28.1,14.8,19.5,18.1,18.9,16.8,15.9,15.5,23.9,16.6,30.0,31.0,18.2,7.2,24.4,27.4,8.9,4.2,9.5,20.0,26.0,20.3,7.5,11.3,21.2,29.6,27.6,27.4,24.0,16.8,17.7,30.8,17.0,24.8,27.1,30.9,18.9,13.1,15.1,33.7,15.9,15.6,21.2,30.6
33.0,3.1,26.6,13.1,6.6,27.0,13.4,30.1,11.8,15.7,12.5,16.3,30.2,0.3,15.1,21.5,19.4,13.4,29.4,12.4,28.0,9.8,5.9,12.4,15.8,11.9,23.8,23.5,29.6,33.2,13.4,27.6,31.4,21.8,12.6,15.3,34.0,30.6,9.0,21.5,3.6,25.0,4.1,14.3,28.8,3.2,11.7,22.4,15.7,12.5,0,38.2,20.7,27.9,6.9,36.5,14.6,28.6,19.1,27.5,17.4,14.3,21.0,24.1,15.5,23.6,20.1,29.8,30.6,25.9,3.6,24.5,26.6,5.5,11.7,14.1,13.7,25.5,20.7,15.7,19.0,21.0,30.5,26.9,27.4,24.0,17.2,25.5,31.3,19.5,24.8,31.9,30.5,15.2,20.4,19.1,33.3,14.9,15.6,29.1,30.1
13.5,34.9,23.3,28.6,36.6,12.7,35.4,23.2,29.2,29.7,31.7,23.3,18.1,36.3,28.6,23.1,22.4,27.0,9.1,28.7,21.2,28.9,32.0,25.4,24.1,34.1,17.2,24.4,10.2,4.2,30.5,12.7,9.4,25.3,35.9,31.7,8.3,9.0,29.9,21.7,35.3,13.4,39.8,31.5,11.4,38.9,33.1,25.8,23.7,34.6,35.7,0,22.8,18.0,32.9,1.3,32.3,12.0,23.0,18.6,25.0,32.8,24.0,24.3,23.3,20.1,23.5,8.9,13.1,23.4,39.2,13.9,12.6,41.0,32.8,28.6,33.8,19.5,20.9,29.3,29.3,20.4,8.8,13.1,13.0,17.3,24.2,23.0,9.2,25.3,14.5,9.8,8.4,32.5,27.2,24.6,3.3,28.6,23.5,22.4,13.1
7.3,19.4,24.3,15.3,24.4,12.3,23.5,24.7,14.6,17.3,17.6,7.5,18.3,22.0,12.6,22.1,7.7,13.2,13.5,14.7,21.8,15.0,18.0,11.7,9.0,23.0,2.5,22.9,13.7,18.5,13.6,12.5,13.6,11.3,21.6,16.8,19.0,16.5,16.2,5.8,20.0,9.7,26.5,16.1,5.8,25.7,22.2,22.2,10.1,24.3,21.8,19.7,0,18.6,18.6,19.2,20.1,12.7,9.9,19.8,8.5,20.6,6.8,25.2,10.1,8.5,9.0,13.6,8.6,23.7,25.5,3.2,5.5,26.8,22.9,12.2,22.0,7.0,1.6,14.6,14.1,6.6,15.7,11.8,12.8,4.1,8.2,9.3,15.8,10.8,3.6,16.3,15.3,20.8,11.5,10.0,19.1,14.8,15.4,23.5,7.6
21.6,23.3,5.9,18.5,31.7,9.8,18.9,6.3,23.7,14.3,15.6,20.2,3.4,25.7,18.5,7.7,25.0,20.9,20.1,23.2,3.9,23.4,27.6,21.3,21.4,17.7,19.4,8.3,11.8,18.9,19.6,10.8,14.8,10.2,18.4,18.4,13.2,17.1,24.5,26.5,23.5,15.4,23.5,17.4,19.1,23.8,17.4,9.8,19.2,18.8,26.2,20.5,19.7,0,27.7,18.4,27.6,13.6,12.4,1.8,23.0,28.3,24.5,8.3,20.6,28.3,13.3,20.3,20.0,6.6,22.8,20.5,17.3,24.7,16.9,18.3,28.7,30.1,18.7,15.6,14.3,26.6,20.4,10.4,10.3,23.3,22.2,11.5,17.5,11.4,20.1,11.4,20.6,28.4,11.3,18.1,18.6,23.1,20.7,5.9,19.8
24.4,5.7,27.0,9.3,5.3,22.0,13.9,31.0,7.1,18.6,14.2,12.0,28.6,6.8,10.1,22.5,15.1,8.3,24.3,7.0,28.6,3.3,2.0,7.6,11.4,12.4,19.4,23.6,23.8,28.6,8.5,23.2,26.5,15.3,12.2,12.4,29.0,26.4,4.0,16.7,6.4,20.3,9.2,13.3,24.3,9.7,12.5,22.9,10.2,13.8,7.1,33.2,15.8,29.0,0,32.4,4.5,23.1,14.4,29.0,12.9,4.6,14.4,24.3,10.1,19.1,14.7,26.0,24.8,26.5,8.6,19.8,22.6,10.5,12.6,9.9,4.0,20.9,16.7,14.8,14.3,17.0,25.7,22.3,23.0,19.9,12.7,16.2,26.0,15.2,19.7,26.5,25.8,5.2,16.5,14.7,29.0,10.4,11.4,30.1,24.8
13.2,34.5,23.1,29.1,36.4,13.0,34.8,23.3,29.1,30.2,31.9,22.8,17.5,36.4,28.3,23.7,22.0,27.7,9.5,28.4,21.1,28.8,32.4,25.8,23.5,33.5,15.9,25.4,10.9,3.6,30.3,13.1,9.5,26.0,35.6,32.9,8.1,9.3,30.0,21.6,35.3,13.9,40.0,32.4,12.0,39.2,33.2,25.2,23.5,34.7,35.5,0.1,23.0,18.3,32.5,0,33.2,11.5,23.3,18.8,25.1,32.7,23.6,24.1,23.7,19.2,23.4,9.1,12.7,23.7,38.7,14.7,13.3,40.5,33.4,28.7,33.8,19.4,21.7,29.7,29.5,20.1,8.4,13.9,12.4,16.8,24.0,23.1,8.9,24.8,14.2,10.3,8.4,33.1,27.0,25.0,3.7,28.6,23.5,22.4,12.8
21.1,9.2,29.2,7.6,5.7,23.9,20.0,32.3,11.3,20.3,20.1,13.0,30.3,9.7,15.1,24.5,10.6,8.0,26.3,6.2,29.2,3.0,7.1,6.8,12.5,23.0,20.3,25.9,25.9,30.7,7.0,24.9,28.2,17.2,18.3,19.8,30.4,28.1,2.9,15.4,8.9,22.3,16.8,19.3,22.3,15.2,21.8,24.4,12.2,20.0,9.2,33.5,18.0,30.1,5.2,33.8,0,25.1,15.8,30.3,9.0,0.9,9.4,26.2,12.2,15.2,16.6,27.2,22.8,28.2,16.7,21.4,24.0,17.2,22.0,13.8,0.6,17.1,17.2,15.2,16.6,16.0,27.1,23.8,24.6,20.6,8.7,17.1,28.3,17.2,21.4,28.5,27.7,0.1,18.4,16.0,30.5,9.1,12.4,31.7,22.8
7.6,26.1,19.4,19.0,28.0,6.3,28.3,19.4,19.4,23.3,24.9,14.1,13.3,27.6,19.3,19.7,16.6,18.3,3.2,19.4,16.7,19.8,23.1,16.5,14.8,29.0,9.4,20.6,6.3,7.9,21.1,7.2,1.8,16.2,26.7,23.0,6.6,1.9,21.6,15.9,25.9,1.8,30.9,22.9,4.8,29.7,28.6,27.9,14.7,30.4,27.0,12.2,8.3,14.3,24.0,11.5,23.9,0,14.5,15.1,15.6,23.9,16.2,20.3,15.0,13.4,13.8,3.8,6.6,18.5,30.6,8.7,6.3,31.5,27.2,18.7,25.1,14.0,8.3,19.8,19.7,13.9,2.7,5.5,6.3,11.1,15.6,14.2,2.3,15.7,8.8,7.6,2.8,23.8,16.6,16.0,7.7,19.5,13.9,18.7,6.2
16.5,13.9,17.6,7.2,18.7,14.9,16.1,22.0,10.8,8.9,10.1,5.1,21.4,18.2,4.6,13.3,11.8,8.1,17.1,10.0,18.8,10.6,14.8,7.5,4.6,14.3,10.9,14.5,16.8,21.1,6.8,15.5,19.0,4.4,9.5,9.3,21.1,19.0,11.9,13.7,14.1,12.8,20.5,7.6,16.8,21.0,14.4,13.9,4.5,15.2,18.0,25.6,8.3,19.5,15.2,24.8,15.4,15.9,0,19.2,10.1,15.1,11.5,15.2,5.2,14.9,4.9,17.8,17.3,17.6,19.4,12.2,15.0,21.6,14.2,5.0,16.3,17.2,7.8,5.8,5.3,14.1,18.6,14.0,14.9,11.9,9.3,5.8,19.1,4.4,12.3,19.6,18.1,14.4,5.5,2.3,20.9,9.7,8.5,20.9,16.8
21.4,24.1,4.1,19.6,31.9,10.2,19.4,4.8,23.7,14.3,16.0,20.3,2.6,26.0,18.1,7.7,24.9,22.4,20.0,23.3,3.2,24.1,27.8,20.9,22.5,18.1,19.8,6.5,12.1,19.3,20.0,10.8,14.9,10.9,17.9,18.6,13.7,18.2,25.0,27.3,23.2,16.2,23.7,17.4,19.5,23.8,17.8,8.1,20.0,19.2,25.9,21.2,20.6,2.3,28.6,19.0,28.4,14.1,12.5,0,23.3,28.2,24.8,6.6,20.6,28.8,13.5,21.7,21.2,4.0,23.5,21.2,18.1,26.0,17.7,18.6,29.8,29.7,18.9,16.2,13.6,26.8,21.5,10.1,10.6,23.8,23.1,12.0,17.6,11.3,20.6,11.9,21.2,28.1,11.7,18.9,18.2,23.6,22.6,3.6,19.9
16.2,14.5,22.5,7.6,13.2,14.4,16.6,26.4,5.6,13.6,14.5,5.0,20.1,15.6,9.9,17.7,3.9,3.4,16.6,5.3,23.5,6.6,11.3,3.3,5.8,19.5,8.4,20.0,16.0,20.4,9.0,15.6,18.6,10.7,14.6,10.0,20.6,17.9,8.8,8.2,13.4,9.9,18.9,9.7,17.7,18.4,18.5,18.6,5.2,19.8,13.8,25.4,6.1,21.0,11.6,23.8,8.6,15.7,6.7,24.5,0,8.7,1.7,20.1,5.5,9.7,7.5,17.6,17.8,22.4,18.4,9.6,12.4,19.7,15.1,6.4,10.8,11.0,6.9,10.2,10.9,8.3,17.4,13.9,14.2,10.4,1.0,7.6,18.5,11.6,10.2,19.1,17.3,9.1,11.8,10.2,20.0,3.2,2.6,25.2,16.6
20.4,9.5,28.3,8.1,5.8,23.9,20.3,31.6,10.9,19.0,20.2,12.7,29.7,11.0,14.1,23.6,11.1,6.0,26.1,5.3,29.7,3.0,8.0,7.6,12.2,23.5,20.0,25.2,26.4,29.8,7.4,24.8,27.9,16.4,18.3,19.0,30.2,28.0,3.2,14.9,9.6,22.0,18.1,18.8,20.8,16.3,22.9,23.7,11.5,20.5,9.9,32.6,17.8,29.4,5.3,33.1,1.5,25.3,15.9,30.3,8.5,0,8.1,25.3,12.0,14.8,16.7,27.0,23.1,28.6,16.9,21.2,23.8,17.5,19.2,13.8,1.9,17.6,17.8,15.7,16.0,15.9,26.5,24.2,24.0,21.6,8.3,17.4,28.3,16.5,21.5,28.8,27.2,1.4,18.1,16.0,30.5,7.8,12.1,31.6,22.2
17.0,16.0,23.0,7.7,12.4,13.2,16.7,25.6,10.1,13.4,14.2,5.2,20.7,17.5,9.3,17.5,2.8,3.4,16.1,4.5,23.4,10.6,13.8,3.1,6.6,19.1,8.3,19.1,16.2,19.8,10.3,14.6,18.5,11.3,15.0,13.0,20.9,17.3,10.9,4.1,16.2,9.7,19.4,13.1,12.6,21.0,18.0,17.5,8.5,20.0,16.4,24.5,5.5,24.3,12.7,23.8,7.7,15.5,9.6,24.4,0.7,9.0,0,19.9,5.9,10.5,10.0,17.5,17.9,22.1,18.9,9.8,11.3,22.3,18.5,9.0,9.7,12.7,6.1,10.4,10.5,4.4,16.5,14.3,13.6,9.4,0.4,7.8,18.2,10.1,9.3,17.9,17.0,8.1,12.1,9.4,20.3,2.5,4.1,24.8,17.6
32.1,20.3,3.2,16.1,29.4,16.0,16.5,4.3,21.4,11.5,12.8,16.3,9.7,23.2,15.5,5.3,22.4,19.3,26.0,21.0,4.4,20.8,25.3,17.7,19.2,15.3,27.2,2.3,18.4,25.2,17.3,17.7,20.6,9.9,15.2,15.1,19.0,24.3,22.7,23.9,20.1,21.1,21.1,14.3,25.3,21.9,15.2,1.7,16.1,16.0,22.8,26.6,23.5,8.9,25.8,25.8,25.3,20.6,10.4,6.1,20.8,25.3,22.2,0,18.5,25.9,11.1,27.3,33.6,3.8,21.1,28.3,23.8,22.1,14.7,14.9,26.4,26.8,23.5,13.2,11.8,24.7,27.5,17.3,17.0,26.9,20.0,11.8,24.0,9.4,27.6,18.1,27.0,25.1,9.2,16.2,24.0,19.4,18.6,3.8,33.1
15.6,12.6,18.4,6.7,15.9,13.8,15.3,22.9,7.8,9.9,11.1,1.5,20.9,15.3,6.4,14.3,10.3,6.2,16.6,7.2,20.3,7.7,11.7,4.6,1.0,15.4,11.3,16.0,16.3,20.5,7.6,14.9,18.6,7.7,11.9,10.0,20.7,18.7,8.2,12.6,12.7,11.8,19.0,9.3,15.6,18.2,15.3,15.4,0.6,16.4,14.6,25.4,8.7,20.4,12.1,24.2,11.4,15.8,5.8,20.3,5.9,12.3,9.9,17.2,0,16.3,6.0,18.1,17.3,19.7,18.3,12.6,14.4,19.7,16.1,6.0,13.2,19.0,8.1,7.2,6.2,12.3,18.1,14.0,14.6,11.7,9.0,5.6,18.8,6.6,12.0,19.3,17.6,11.6,8.6,3.6,20.5,7.2,4.5,21.6,16.6
8.9,22.0,28.4,21.3,18.8,20.7,24.2,31.9,15.4,20.5,24.6,14.2,27.2,23.8,15.7,24.2,4.9,11.1,14.8,13.7,29.8,15.9,19.6,11.8,17.3,25.7,7.1,25.3,19.9,19.7,17.7,21.4,15.0,17.0,22.7,23.4,21.6,16.8,16.7,3.3,21.7,14.3,27.2,23.2,9.4,28.1,25.2,24.5,16.8,25.4,23.2,20.9,8.7,27.8,19.0,20.6,14.8,14.1,15.4,28.2,10.4,15.2,7.0,25.6,15.9,0,16.3,15.0,10.2,28.4,26.4,8.2,10.5,28.3,23.9,19.0,16.5,1.9,7.2,16.8,15.8,3.8,16.5,20.6,21.5,3.9,11.6,14.6,17.3,16.5,8.6,25.8,16.4,14.6,17.9,15.8,20.5,11.3,10.1,31.0,9.4
14.2,13.9,12.8,8.1,19.9,13.8,18.4,15.9,11.7,12.4,12.8,3.3,15.8,19.3,6.8,10.9,12.4,9.9,15.6,10.6,13.4,10.9,15.0,8.7,3.9,17.1,9.5,12.2,14.9,20.0,9.9,14.0,17.8,4.3,13.3,11.2,19.7,17.5,12.3,12.8,14.0,11.7,17.4,11.3,15.0,17.8,16.8,16.8,4.9,17.9,18.5,24.8,7.1,13.8,16.1,23.3,15.0,14.7,2.1,13.6,7.2,15.5,8.0,11.2,5.9,15.0,0,16.6,16.2,13.3,16.6,11.2,14.0,18.8,17.7,7.8,16.9,14.6,7.5,8.8,8.0,13.9,16.9,13.0,13.7,10.4,6.9,1.7,17.7,3.3,10.6,18.4,16.9,15.5,4.5,4.1,20.2,11.0,5.3,15.5,14.7
8.5,29.0,23.5,23.0,31.2,12.8,31.5,24.7,22.3,27.5,27.6,16.9,18.2,30.8,22.5,24.2,17.4,20.7,3.4,22.1,20.9,22.6,26.9,20.0,17.4,31.7,12.0,25.8,6.3,3.1,24.4,9.1,2.5,19.8,29.0,26.6,7.3,2.8,24.1,16.7,28.8,7.4,34.1,25.9,6.5,33.3,32.1,26.5,17.6,32.8,29.1,8.3,17.3,18.7,27.2,7.3,27.2,4.1,17.8,19.1,18.9,27.4,18.9,24.8,17.8,14.3,17.6,0,8.1,23.7,34.1,9.4,8.8,34.9,30.5,22.2,28.0,14.5,15.5,23.4,23.3,15.7,1.3,13.8,8.4,12.0,17.9,17.7,3.5,18.6,9.3,10.1,1.5,27.0,20.0,18.9,4.2,22.8,17.1,23.1,7.6
3.5,29.7,25.4,22.5,26.6,13.2,32.2,25.6,23.5,28.2,32.1,17.3,19.6,31.6,24.3,25.7,14.7,21.3,6.3,21.2,23.2,24.4,27.8,20.4,18.0,33.7,5.4,27.1,12.8,12.4,25.6,13.6,8.1,18.9,30.8,28.1,14.0,10.1,24.4,12.9,29.7,7.3,35.7,26.6,2.4,35.9,33.4,32.7,17.8,32.7,30.5,13.7,9.3,19.8,27.1,12.9,22.8,6.9,17.7,20.9,19.0,23.0,15.9,26.2,17.3,13.0,17.6,8.2,0,25.5,35.2,4.4,4.0,36.9,31.0,25.9,24.3,9.2,8.5,25.0,24.6,11.7,9.2,12.9,14.1,8.5,16.6,17.2,9.7,18.7,5.2,18.4,9.4,22.6,19.3,18.9,12.0,19.5,19.1,24.3,1.5
26.6,23.2,0.8,18.7,31.6,15.5,18.8,1.7,23.5,13.2,14.8,18.7,7.6,25.4,17.8,7.0,24.7,20.8,25.1,22.3,3.1,22.4,27.0,19.5,20.6,16.7,24.4,3.3,17.1,24.0,18.8,16.6,19.5,11.4,17.0,17.4,18.3,22.8,24.8,26.2,22.5,20.4,23.1,16.0,24.3,22.9,16.8,4.1,18.6,18.3,25.2,25.7,18.9,7.5,27.4,24.4,27.5,19.7,11.9,3.6,22.6,27.5,24.1,3.4,19.5,27.5,13.7,26.6,25.9,0,22.0,25.7,23.1,24.3,16.9,17.7,28.6,28.8,24.1,15.1,13.4,25.8,26.0,15.7,16.2,22.5,22.2,12.0,22.6,12.6,26.0,16.8,26.6,27.4,10.3,17.8,23.4,21.9,20.5,1.0,25.6
32.0,3.7,23.0,9.3,9.7,30.4,9.9,26.9,15.1,12.2,9.9,15.4,26.7,4.0,19.7,18.4,21.5,15.1,31.6,17.0,23.9,13.8,9.3,15.8,18.3,8.4,26.0,19.4,32.6,36.4,9.7,31.6,33.7,17.7,9.4,12.7,34.2,33.5,12.7,23.8,4.1,26.9,1.4,10.5,31.0,1.9,7.8,19.6,17.5,9.6,4.4,40.7,23.7,24.7,10.5,39.6,16.9,30.8,20.5,24.3,19.7,17.3,19.3,20.7,17.2,25.1,20.4,32.9,33.7,23.6,0,27.0,29.7,2.3,7.9,11.5,15.8,28.0,23.3,11.5,15.7,22.9,32.0,30.3,31.7,27.0,20.1,21.9,33.7,21.0,26.7,31.8,33.0,16.5,17.4,20.0,35.8,18.0,18.4,25.6,32.7
5.0,22.5,24.0,18.4,28.3,11.9,26.1,24.6,17.9,20.5,20.6,10.9,19.3,25.9,16.6,25.0,9.7,16.6,10.6,17.6,22.5,17.7,21.2,15.2,12.1,26.4,3.2,26.1,11.5,14.2,17.7,13.3,10.7,14.5,24.6,20.5,13.5,12.1,19.0,8.9,22.8,6.4,30.1,20.0,3.6,28.9,25.3,25.4,13.1,27.2,25.3,18.1,7.1,19.4,22.4,17.8,24.7,8.5,12.1,20.4,11.7,24.8,9.7,25.5,12.7,12.8,12.4,11.2,5.2,24.2,29.2,0,3.3,29.8,26.6,15.9,26.3,12.0,5.4,16.7,17.4,12.6,11.1,11.1,13.5,6.6,11.2,12.5,10.2,14.1,3.8,12.8,10.9,24.4,14.5,13.9,15.2,17.1,12.4,24.2,4.5
3.8,24.2,21.3,18.7,26.2,7.3,26.4,21.0,18.1,21.9,22.6,11.9,14.6,25.8,18.6,21.6,12.4,16.3,7.1,18.1,18.3,18.3,21.5,15.4,13.5,27.6,4.7,23.0,8.2,11.5,20.1,8.5,6.8,15.0,25.5,21.7,9.9,8.4,18.7,11.5,24.4,2.6,29.6,21.5,1.8,28.8,27.6,27.3,13.9,28.2,25.6,15.6,6.4,15.7,22.5,14.6,22.5,5.7,12.8,16.4,11.5,22.2,11.8,21.7,13.5,9.8,13.1,8.0,3.0,20.5,28.8,3.9,0,30.0,26.0,18.2,24.3,9.6,6.4,19.1,18.3,11.0,7.5,7.8,8.8,8.0,10.8,12.9,7.3,14.6,4.2,10.0,8.1,22.0,15.3,14.2,11.0,17.5,13.1,20.4,2.3
33.4,4.7,24.7,10.4,10.7,31.9,11.7,27.7,17.0,13.1,11.0,16.5,28.0,3.3,21.0,19.4,23.1,16.4,33.1,17.8,25.5,14.7,10.8,17.8,19.0,9.8,27.3,20.8,33.2,37.2,11.0,33.1,35.2,19.6,10.6,12.8,35.2,34.1,13.6,25.0,4.4,28.4,1.4,11.7,32.4,0.6,9.1,20.3,19.0,10.7,4.3,41.9,24.3,25.3,12.0,40.8,18.1,31.9,20.6,26.2,21.0,18.6,20.6,21.8,18.1,27.0,22.1,33.9,34.7,24.0,2.0,28.4,30.9,0,9.6,13.1,17.0,29.1,24.3,13.2,17.3,25.0,33.7,32.2,32.3,27.9,20.9,23.8,34.9,23.2,28.1,33.2,34.3,17.9,18.3,21.9,37.3,19.9,20.1,27.3,33.7
30.4,9.0,16.2,5.0,16.6,23.9,3.9,20.5,10.7,3.2,1.6,15.6,20.4,11.3,6.9,12.3,20.2,12.3,28.6,13.4,18.4,10.7,12.5,13.1,15.7,2.9,22.9,13.9,26.4,32.8,6.2,25.6,30.5,11.5,1.0,3.0,27.7,30.1,10.6,22.0,8.0,24.2,8.8,2.9,28.0,9.3,2.3,12.4,14.3,3.7,12.1,35.0,19.9,18.6,13.3,33.2,17.6,27.8,13.9,18.2,18.1,18.3,15.6,14.1,14.9,22.5,14.6,30.4,30.9,16.2,8.1,23.9,26.5,10.1,0,6.8,19.6,24.6,19.6,5.4,5.9,22.1,29.3,25.0,24.8,23.2,18.6,15.8,31.0,8.8,23.8,25.6,29.9,18.0,7.3,13.9,32.1,15.8,16.9,19.2,30.8
19.8,9.4,17.3,1.9,17.6,16.5,9.7,21.5,4.9,6.1,6.0,4.7,22.2,11.0,1.3,12.9,10.2,6.0,19.5,8.1,18.5,6.1,10.0,5.0,4.9,10.6,12.3,14.3,19.1,22.6,2.1,17.1,20.9,7.0,5.6,4.2,23.5,21.3,9.8,11.7,9.4,15.2,12.5,4.6,17.9,12.8,10.5,13.5,4.4,10.3,11.0,26.9,10.0,19.5,10.2,26.5,13.5,17.4,4.6,18.9,8.6,13.3,9.8,15.0,5.5,13.2,6.4,20.1,21.5,18.0,12.6,13.8,16.4,14.0,6.7,0,14.6,14.5,10.0,3.0,6.1,12.2,19.5,16.9,17.7,14.1,7.9,6.9,20.3,5.4,13.3,21.2,20.6,12.9,7.1,4.7,23.6,6.9,6.1,20.0,20.4
21.5,10.0,29.0,7.7,5.9,24.9,20.7,32.8,12.4,20.7,20.3,14.3,30.5,11.0,14.8,24.3,11.4,8.6,26.8,6.2,30.5,3.4,7.2,7.3,13.5,23.6,20.0,25.6,26.6,31.0,7.1,25.0,28.7,18.2,19.5,19.7,31.1,28.2,3.4,15.3,9.8,23.0,17.5,19.4,22.1,16.1,22.8,25.3,12.7,21.1,10.3,33.0,18.7,30.1,4.4,34.5,0.6,25.9,16.2,30.5,9.4,1.5,9.6,26.8,12.3,15.2,16.4,27.8,22.6,28.8,16.7,22.6,24.9,17.3,22.8,14.8,0,18.0,18.0,16.3,17.2,16.0,27.3,24.5,24.7,22.3,8.8,18.6,28.3,17.5,22.1,29.7,27.4,0.7,18.3,16.6,31.4,10.3,13.0,32.1,22.1
7.3,22.8,28.5,22.1,19.8,16.9,24.8,32.6,16.2,20.3,25.1,18.4,23.5,24.0,20.1,24.3,6.7,15.6,12.6,13.9,30.1,17.3,20.4,11.9,17.5,26.1,6.6,25.9,18.8,17.8,18.6,17.6,13.6,17.2,23.3,24.1,19.0,15.0,17.5,4.4,22.4,13.5,28.1,24.5,8.3,28.4,26.0,24.7,17.4,25.7,24.2,20.0,8.7,24.5,20.0,19.3,15.5,12.9,16.2,24.6,12.1,15.4,7.2,25.8,16.6,2.1,14.6,13.9,8.4,28.6,28.0,6.3,9.8,29.6,24.4,18.7,17.2,0,6.6,17.6,16.8,3.5,15.1,16.4,17.8,3.8,11.6,14.4,15.4,17.1,5.9,24.1,15.5,15.7,18.8,16.2,18.9,12.7,11.0,31.6,8.1
8.2,17.6,22.2,13.4,21.7,9.7,21.7,23.0,13.4,16.0,16.1,7.1,17.1,21.1,11.5,20.6,7.6,11.7,12.7,12.7,21.2,13.5,17.2,10.7,7.6,21.5,3.3,21.0,12.5,16.7,12.9,11.1,14.7,10.0,20.2,15.4,17.7,14.7,14.7,6.2,17.9,5.8,24.2,14.0,7.8,23.8,20.2,20.5,8.9,22.0,20.6,21.5,1.9,17.5,17.4,19.7,17.1,12.3,7.7,18.2,6.8,17.6,7.2,23.2,8.2,8.7,8.1,13.4,8.4,22.5,23.5,4.3,6.7,24.8,21.5,10.8,18.6,7.5,0,12.2,11.7,6.4,14.1,10.7,11.4,4.0,6.4,8.1,14.6,9.7,4.4,14.8,14.5,16.9,10.0,9.0,17.7,13.3,7.9,21.8,8.6
22.1,11.4,15.7,4.3,19.0,19.8,7.2,18.5,11.2,4.9,4.4,7.3,19.1,18.7,2.9,10.3,11.8,9.0,22.5,11.1,16.6,10.9,14.6,7.9,8.5,11.9,17.4,12.1,22.3,26.5,5.2,20.9,24.6,4.6,3.7,2.8,26.4,23.6,12.2,14.0,11.7,18.7,13.1,3.2,22.4,13.1,11.1,10.7,6.7,8.2,17.8,30.9,14.2,16.3,15.3,29.4,14.9,21.7,5.8,16.4,11.1,15.3,12.0,12.7,7.7,15.9,7.0,23.5,23.3,15.3,12.3,18.1,20.5,14.3,5.4,2.2,16.6,16.6,14.2,0,2.7,13.6,23.7,19.9,20.3,17.6,10.4,7.4,24.5,4.3,17.6,24.4,23.8,15.1,4.0,6.3,27.2,9.6,8.8,18.5,22.9
23.1,16.1,10.9,7.1,19.4,18.8,11.8,12.5,11.2,4.5,5.7,6.1,15.7,18.1,5.7,7.0,13.0,9.7,23.6,11.1,12.2,11.7,15.2,8.7,7.4,10.0,13.1,11.2,20.8,27.0,7.1,19.3,25.1,3.3,5.3,5.9,21.7,24.5,13.3,15.3,15.8,18.8,16.4,4.9,22.9,17.1,10.4,9.6,6.7,11.1,19.0,29.1,10.6,12.0,15.6,27.5,15.9,21.5,2.8,12.3,10.6,15.4,12.6,8.3,8.9,16.8,4.0,23.7,23.8,11.2,16.5,14.0,20.8,17.7,7.0,5.4,17.0,17.3,10.6,3.4,0,14.3,24.6,18.4,19.7,13.6,11.2,5.6,25.1,2.5,14.1,19.7,24.1,15.5,1.5,4.3,26.7,10.6,9.6,11.5,23.5
9.6,20.4,26.3,14.6,18.9,20.9,23.0,30.7,14.6,17.5,18.1,12.7,30.6,21.7,13.6,22.8,2.3,9.8,13.9,13.0,27.7,14.8,18.4,9.4,12.6,23.5,5.5,23.5,20.5,19.7,16.7,22.1,15.7,14.9,21.8,17.8,21.3,16.8,16.5,1.9,21.0,14.5,25.7,17.6,10.2,24.8,22.8,22.6,12.0,24.4,22.0,21.6,8.5,28.8,18.2,20.6,14.7,14.7,14.4,28.7,9.8,15.0,5.1,25.0,12.2,2.0,14.7,15.7,10.7,27.0,24.9,6.5,11.6,26.2,23.4,13.5,16.8,3.9,6.8,15.3,14.3,0,16.4,20.2,21.5,4.2,6.6,14.9,17.3,15.1,5.9,26.3,17.0,15.2,15.6,14.6,20.0,9.7,8.3,29.8,9.7
8.3,28.9,24.8,22.1,30.4,12.6,30.7,24.8,22.5,26.1,26.1,16.0,18.6,30.3,21.9,24.9,17.6,21.3,1.6,22.3,23.1,22.0,25.5,18.7,17.0,31.5,11.3,26.3,5.9,5.1,23.9,7.6,1.8,18.6,29.4,26.2,6.8,2.7,23.2,16.2,28.5,6.8,33.3,25.1,7.0,32.8,30.9,30.3,17.6,32.5,29.2,9.5,15.7,20.2,25.9,8.7,25.8,3.2,16.9,20.3,18.1,26.2,18.8,25.3,17.1,13.9,17.3,1.3,8.2,24.3,32.5,9.8,7.7,34.0,30.3,22.2,27.8,14.6,15.3,23.1,23.0,15.1,0,12.7,7.0,12.1,18.2,16.1,2.6,18.4,9.0,11.4,1.0,26.7,19.7,18.7,5.1,22.1,16.9,23.9,7.6
10.4,24.4,15.1,17.7,26.0,1.2,27.5,16.1,17.6,22.3,23.8,12.7,9.8,25.7,17.5,16.7,14.6,16.4,11.5,17.6,13.5,18.4,21.7,14.9,13.3,26.1,11.3,17.7,3.3,15.7,20.4,2.3,6.0,14.8,25.2,21.2,10.1,5.8,18.9,21.3,24.7,4.9,32.1,20.9,8.4,28.3,25.7,18.5,13.6,27.2,25.4,17.2,11.6,10.7,22.0,16.6,22.0,4.9,12.4,11.8,13.2,22.1,14.5,17.4,12.5,20.0,12.9,12.5,10.6,15.5,31.1,10.9,8.2,30.0,26.0,17.4,23.8,19.8,10.7,18.8,18.5,19.8,12.8,0,1.9,15.9,13.3,12.7,5.9,14.6,10.6,4.9,13.2,22.2,20.2,14.0,15.4,17.7,12.2,15.3,9.5
14.3,26.0,14.9,19.8,27.7,1.1,26.5,14.8,19.6,20.9,23.0,13.6,8.8,27.3,19.7,14.6,15.7,17.8,13.1,18.5,12.3,20.0,22.9,16.1,14.1,24.4,12.3,16.2,3.4,11.9,21.4,0.4,7.2,16.0,25.3,22.8,6.2,6.8,20.7,22.9,25.5,8.6,31.0,22.6,13.1,31.2,25.3,17.6,14.6,26.0,26.6,13.1,12.7,9.5,23.8,12.5,23.6,7.3,13.8,10.4,15.5,23.9,15.6,15.5,13.7,20.9,13.7,7.6,14.3,15.0,30.7,12.1,9.3,33.0,25.2,18.7,25.1,20.9,11.7,19.9,19.0,21.1,8.2,1.6,0,17.3,15.6,13.3,6.9,16.0,12.3,5.2,7.8,23.1,19.0,15.3,11.3,19.1,13.8,13.9,12.7
6.2,21.5,26.6,17.2,23.1,13.8,28.0,26.5,17.3,18.8,19.8,9.3,20.3,24.1,15.1,23.8,4.9,15.7,10.9,16.5,24.1,17.4,20.4,14.4,11.2,24.6,3.3,24.9,15.7,16.1,16.2,14.6,11.7,13.0,26.9,18.5,17.7,13.2,17.3,3.3,20.9,11.6,30.4,17.6,6.2,27.2,23.7,24.1,11.9,25.0,23.9,18.3,5.5,20.8,20.7,17.2,18.6,10.9,10.6,21.7,10.0,18.4,10.8,26.8,11.2,3.2,11.0,11.9,6.9,25.8,30.5,3.5,7.1,28.7,26.9,14.5,20.3,3.6,3.6,16.6,15.4,3.6,12.5,13.5,14.7,0,9.5,11.0,13.4,12.7,2.9,18.5,12.5,18.4,12.9,12.6,15.7,14.7,13.4,25.4,5.9
16.1,15.2,22.9,8.8,12.3,14.5,17.4,26.5,8.7,14.2,14.7,5.6,20.3,15.7,10.0,18.2,3.3,4.1,16.5,5.3,23.8,11.1,12.5,4.1,6.1,17.8,8.7,19.8,16.3,20.5,10.5,14.8,18.2,11.4,15.2,10.7,20.8,18.4,9.3,4.4,15.3,10.8,19.9,13.4,12.8,21.8,18.0,18.8,6.7,17.4,15.5,25.3,6.2,20.7,12.8,24.2,8.5,15.8,7.8,24.2,1.0,8.5,1.8,20.6,5.7,10.2,8.4,17.9,17.9,22.5,18.9,10.4,11.9,23.8,16.6,10.1,10.2,11.7,6.3,11.0,10.6,8.5,17.7,14.2,14.3,10.1,0,7.9,18.3,11.2,10.3,18.4,17.7,8.5,12.4,10.0,21.2,2.8,3.2,25.4,17.0
14.4,15.1,12.0,8.0,19.9,13.4,17.7,14.7,11.9,9.0,11.0,3.8,14.7,19.0,6.1,8.8,12.0,9.4,15.3,11.5,12.2,12.2,15.8,8.5,4.9,16.0,9.3,12.4,16.1,20.1,9.4,14.3,18.1,3.5,13.5,11.6,20.3,17.1,12.8,12.7,14.3,11.0,22.5,11.1,15.4,22.3,15.6,15.3,5.5,17.7,18.6,24.3,6.6,13.0,15.7,23.2,15.9,14.5,2.3,12.3,7.4,15.8,8.7,9.8,6.4,15.4,1.7,16.7,15.3,11.6,21.3,11.5,13.4,23.4,15.9,8.0,17.3,14.7,7.6,9.1,8.2,13.3,16.6,13.4,14.1,10.6,6.9,0,18.4,3.3,10.7,17.8,17.0,15.4,4.0,4.4,19.9,11.0,6.1,14.0,14.8
10.3,28.9,25.3,23.2,31.9,7.4,30.9,25.9,22.5,26.2,27.7,16.8,19.6,30.9,22.4,26.1,19.4,20.8,2.0,22.4,23.2,22.3,26.7,19.7,17.7,32.3,11.3,27.5,5.6,6.4,24.4,8.0,1.0,20.4,29.6,26.3,7.0,0.6,24.3,19.0,28.8,4.3,34.3,26.2,8.4,33.6,32.3,31.8,18.7,33.7,30.1,10.4,16.5,19.9,26.6,8.9,26.7,1.8,16.8,21.2,18.2,26.4,19.7,26.4,17.4,16.7,17.9,2.7,9.4,25.0,34.2,10.5,8.3,34.2,30.2,22.6,28.5,16.6,15.7,24.2,23.6,17.3,2.4,7.2,7.6,14.6,17.7,17.4,0,19.1,10.7,12.8,2.2,26.9,20.2,18.9,5.6,22.5,17.9,24.9,8.8
21.8,14.5,11.5,7.2,19.7,15.3,13.9,13.0,11.5,7.1,8.0,5.1,15.7,18.7,5.1,7.3,12.9,8.9,17.2,10.9,13.3,11.3,14.7,8.0,5.7,12.4,12.3,10.4,21.6,21.8,7.1,16.7,19.8,1.3,8.4,6.6,23.3,19.6,11.8,14.3,14.2,13.2,18.1,5.6,17.5,18.8,12.0,11.8,7.3,13.3,18.4,26.3,8.5,13.2,15.8,24.9,16.0,16.9,1.8,13.2,10.4,15.7,11.6,9.7,8.1,15.9,2.1,19.3,23.6,12.0,18.0,12.8,16.0,19.9,8.2,5.1,16.3,17.3,9.5,4.0,3.0,13.6,18.7,15.4,16.6,12.1,10.5,3.9,19.1,0,13.4,20.6,18.8,15.6,1.9,4.2,21.9,9.3,8.5,11.8,22.8
4.5,21.6,26.0,16.8,24.0,14.1,25.3,26.9,16.7,19.1,20.0,10.2,21.0,23.9,15.5,23.0,7.0,15.0,7.6,16.0,23.7,16.8,20.5,13.0,10.4,24.1,1.4,24.2,11.8,12.7,17.0,14.8,8.0,13.5,23.3,19.0,14.2,10.2,17.8,5.7,21.8,6.4,28.2,18.2,3.3,27.1,24.5,23.8,12.5,25.6,23.7,16.7,6.1,20.1,21.8,16.2,20.4,9.1,11.1,22.1,10.3,20.1,12.2,27.5,11.5,7.9,10.6,10.4,4.2,25.9,27.5,0.1,3.3,28.9,24.5,13.8,21.5,7.2,4.5,16.0,15.6,6.3,9.9,11.2,14.4,3.9,10.3,10.9,10.6,13.2,0,14.1,7.6,19.9,13.7,12.5,13.1,16.1,14.6,25.2,4.5
14.0,29.9,15.1,23.5,32.5,5.0,26.9,15.9,24.1,22.6,24.1,18.5,9.3,31.1,23.1,16.1,20.6,22.1,12.2,23.6,13.0,23.8,27.4,20.7,18.6,26.0,14.8,17.8,2.1,8.5,26.2,4.9,7.7,18.9,26.1,25.8,2.9,7.7,24.8,27.6,30.0,8.1,31.9,25.6,12.4,32.3,25.1,17.9,18.7,26.4,31.2,10.6,17.6,10.0,28.0,8.9,27.5,7.3,18.7,11.2,19.6,28.3,20.6,16.6,18.9,25.8,17.8,11.0,14.3,15.8,31.2,14.2,11.7,32.4,25.5,24.0,29.4,25.3,16.2,23.4,21.5,26.4,10.8,5.7,4.4,21.8,18.9,18.6,6.9,19.0,14.4,0,10.4,28.1,19.0,20.2,8.7,23.6,18.8,15.1,13.8
7.2,27.4,24.2,21.4,30.0,11.2,29.8,24.1,21.4,24.8,25.7,15.4,18.2,28.1,20.5,23.9,16.6,19.9,0.9,20.7,21.2,21.7,25.1,18.2,16.4,30.8,11.6,25.4,6.7,5.4,23.5,12.3,1.2,17.9,28.3,24.3,7.0,2.7,22.9,16.1,27.1,4.5,32.2,24.8,6.3,32.1,30.3,29.5,16.1,31.5,28.3,9.7,15.2,18.0,26.0,8.0,25.5,2.6,15.7,19.1,16.7,25.7,18.5,24.3,16.2,14.3,15.7,1.5,7.6,22.8,31.9,8.3,6.2,33.7,29.2,21.2,27.0,13.5,13.6,22.4,21.3,14.2,1.0,7.3,12.1,12.4,16.9,16.3,1.8,17.6,8.9,11.5,0,25.7,17.4,16.7,5.9,21.3,15.4,22.8,7.6
20.5,9.1,28.2,7.4,5.4,23.1,20.3,32.3,11.2,20.0,19.7,13.0,30.4,10.2,14.5,24.1,11.2,7.5,26.5,6.3,29.4,2.8,6.6,7.0,12.4,22.6,19.4,25.3,25.8,30.5,6.8,24.7,27.7,16.8,18.2,18.9,30.6,27.6,3.0,15.0,9.0,22.2,17.0,19.4,22.1,15.2,21.4,23.8,12.2,20.5,10.0,33.3,17.3,29.9,4.6,33.9,0.1,25.4,16.3,30.4,9.0,0.9,8.5,26.5,11.8,14.8,16.2,27.2,22.3,29.0,16.4,21.3,23.7,17.0,22.7,14.2,0.7,17.7,17.3,16.2,16.2,15.8,26.9,24.2,24.9,21.3,8.3,16.9,27.9,16.4,21.7,28.6,27.2,0,18.2,15.6,30.0,9.4,13.0,31.1,22.4
24.1,17.3,10.6,8.0,20.6,17.8,12.5,11.5,12.6,6.1,6.6,6.5,14.6,18.9,6.2,5.9,13.7,10.7,18.6,11.8,11.4,12.5,16.2,9.8,7.6,11.6,13.0,8.9,20.2,26.5,9.0,19.4,20.3,1.5,6.3,6.9,22.0,20.0,13.9,15.5,16.9,15.0,16.8,5.9,17.7,17.8,11.0,7.7,7.5,12.0,19.4,28.2,10.1,11.7,17.0,27.2,16.9,17.7,2.6,12.1,12.6,16.9,13.4,7.6,9.1,17.4,3.6,19.5,25.2,10.4,16.5,14.0,16.4,17.9,7.7,5.8,18.0,18.5,9.7,4.9,1.9,15.4,19.9,18.1,18.4,13.6,11.7,4.0,20.6,1.3,13.9,19.4,20.1,16.8,0,4.5,26.0,11.5,10.9,11.0,24.3
15.0,11.1,18.1,5.0,16.4,13.7,16.4,22.3,7.7,9.2,9.8,4.0,20.0,15.8,5.9,13.7,8.7,5.8,15.7,7.5,19.7,7.7,12.1,5.1,3.0,14.9,9.1,14.3,15.7,19.8,6.6,14.8,17.1,5.1,9.5,9.3,20.4,17.7,10.0,11.2,11.3,11.0,15.3,8.7,15.3,15.4,14.6,14.1,2.5,15.8,13.2,25.1,6.9,19.7,12.2,22.8,12.4,14.8,3.3,19.4,7.3,12.5,9.3,15.1,4.0,12.5,3.9,16.7,15.5,17.7,14.4,11.2,13.3,15.8,15.0,4.7,13.1,14.2,7.1,5.9,5.8,10.5,16.4,13.6,14.0,10.6,7.0,3.5,17.1,4.7,10.4,18.2,16.8,12.1,5.1,0,20.0,6.4,6.2,21.0,15.0
13.3,31.9,22.4,25.5,33.4,11.7,34.0,22.8,25.4,28.8,30.6,20.2,16.8,33.5,24.7,22.9,22.3,23.6,5.4,24.9,20.4,25.6,29.0,22.0,20.5,32.5,14.0,24.3,9.9,1.8,27.4,12.5,5.9,22.3,31.9,28.8,6.6,5.7,26.2,21.1,31.4,10.7,36.9,28.7,11.4,36.3,32.5,25.2,20.0,33.1,33.1,4.0,18.9,17.4,29.3,2.8,29.4,8.2,19.6,17.8,20.9,29.7,21.9,23.0,20.2,19.6,20.5,4.2,12.6,22.3,36.1,13.7,12.0,37.4,31.8,25.3,30.8,19.3,18.2,26.5,25.9,20.4,5.5,12.3,12.0,17.0,21.6,20.0,5.9,22.0,13.4,9.2,5.4,29.7,22.5,21.5,0,25.3,19.6,22.2,11.8
16.9,12.9,24.1,11.8,11.5,19.5,16.0,27.3,6.9,15.4,15.4,9.5,25.6,15.1,9.6,19.4,3.9,2.7,20.9,4.2,25.3,5.8,10.7,2.8,7.9,16.2,15.5,20.6,22.0,25.9,9.1,20.4,24.0,12.3,14.1,15.3,25.9,23.5,9.0,5.8,13.8,17.7,18.1,15.1,18.5,19.2,16.0,20.6,7.3,16.0,13.9,29.9,12.8,25.9,11.7,29.8,8.6,21.1,11.1,25.7,2.6,7.9,2.2,21.7,6.9,11.1,12.2,22.6,18.3,24.0,17.5,16.9,19.0,19.5,15.2,9.4,9.6,12.5,7.8,10.8,11.8,5.7,22.7,19.4,20.1,16.7,1.9,13.0,23.0,12.3,16.9,24.3,22.8,7.6,13.2,11.9,26.0,0,3.3,26.6,17.5
15.0,14.6,19.8,7.5,16.5,13.9,16.4,23.7,7.9,11.4,12.5,6.3,24.2,15.9,7.4,15.3,5.8,3.7,15.5,7.2,21.5,8.0,11.8,3.0,6.1,17.7,14.3,17.3,14.8,20.2,9.6,14.7,18.5,8.5,15.1,11.4,20.0,17.6,9.2,6.8,13.8,12.0,19.2,10.4,16.4,18.1,16.5,15.7,5.2,17.9,15.1,28.0,7.4,22.4,12.2,23.5,11.9,14.8,7.2,21.4,2.3,12.1,4.8,18.1,5.4,8.6,8.4,16.4,16.3,19.7,18.3,14.6,17.2,20.4,16.4,7.2,13.3,10.6,7.5,7.9,8.3,7.9,16.8,13.2,13.9,10.8,4.0,8.4,17.3,8.5,15.0,18.6,17.0,12.6,9.6,7.7,20.2,3.2,0,23.1,16.1
24.6,24.2,1.4,20.7,33.4,13.1,20.5,1.4,25.3,14.8,16.9,20.8,5.1,27.3,19.0,7.7,26.2,23.3,22.8,24.5,1.6,25.5,29.4,21.8,23.1,19.1,23.3,3.6,15.3,22.2,20.8,14.5,18.7,12.0,19.0,20.1,16.5,20.7,26.5,28.5,24.9,19.4,24.6,18.2,22.4,26.0,18.3,4.7,21.0,20.4,28.2,23.5,23.4,5.2,29.6,22.6,29.7,17.6,13.9,3.4,24.6,28.8,25.9,4.2,22.0,30.2,14.9,24.0,23.8,1.0,24.8,24.1,21.5,26.7,18.5,19.2,30.6,31.4,22.6,16.8,15.5,28.6,24.1,13.8,14.2,26.7,24.5,13.3,21.0,12.6,24.0,14.7,24.4,29.5,13.0,19.9,21.1,24.3,22.3,0,23.7
3.7,28.7,25.2,22.5,25.9,12.4,30.6,24.9,21.6,25.8,27.2,16.5,18.7,30.0,21.5,25.2,12.9,20.3,6.1,21.0,22.5,21.6,25.8,18.5,17.3,32.0,5.0,26.4,12.8,10.8,24.2,13.1,6.7,19.0,29.0,25.2,12.8,9.1,23.4,11.4,28.0,6.3,33.1,24.7,1.7,33.0,31.4,30.5,17.4,32.0,28.7,13.0,8.4,19.1,26.1,12.1,22.8,6.6,16.3,20.4,18.8,21.9,14.7,25.8,17.1,9.7,16.6,7.0,1.4,24.9,32.7,4.4,3.1,33.9,29.6,22.0,23.7,9.8,7.7,23.0,22.5,10.6,8.9,12.2,13.0,7.9,16.1,16.7,9.6,17.9,4.2,17.2,7.8,22.0,19.2,17.6,12.2,19.1,17.9,24.4,0
