00:00,00:45,00:41,00:35,00:39,00:33,00:43,00:46,00:34,00:42,00:38,00:32,00:31,00:34,00:31,00:42,00:28,00:36,00:28,00:33,00:43,00:37,00:38,00:27,00:31,00:46,00:18,00:38,00:32,00:20,00:38,00:31,00:26,00:37,00:41,00:37,00:31,00:29,00:32,00:23,00:41,00:24,00:45,00:40,00:18,00:52,00:40,00:43,00:36,00:42,00:42,00:29,00:22,00:31,00:44,00:32,00:33,00:30,00:33,00:38,00:31,00:32,00:29,00:40,00:32,00:26,00:27,00:26,00:20,00:42,00:41,00:18,00:22,00:46,00:44,00:33,00:34,00:28,00:24,00:41,00:35,00:25,00:26,00:26,00:29,00:23,00:34,00:39,00:25,00:34,00:16,00:28,00:27,00:33,00:32,00:40,00:26,00:36,00:32,00:37,00:13
00:39,00:00,00:44,00:24,00:21,00:41,00:31,00:43,00:26,00:21,00:23,00:28,00:35,00:21,00:27,00:38,00:30,00:28,00:38,00:29,00:40,00:28,00:20,00:29,00:25,00:27,00:37,00:37,00:45,00:43,00:22,00:46,00:44,00:35,00:30,00:28,00:41,00:47,00:28,00:38,00:17,00:38,00:22,00:24,00:42,00:20,00:21,00:29,00:30,00:32,00:17,00:46,00:29,00:39,00:21,00:49,00:27,00:39,00:35,00:37,00:30,00:30,00:34,00:37,00:31,00:31,00:34,00:42,00:36,00:41,00:19,00:40,00:40,00:27,00:19,00:24,00:30,00:42,00:34,00:30,00:30,00:36,00:48,00:40,00:41,00:36,00:25,00:32,00:43,00:32,00:39,00:44,00:39,00:28,00:36,00:27,00:46,00:31,00:28,00:42,00:39
00:44,00:38,00:00,00:32,00:45,00:37,00:39,00:18,00:43,00:25,00:36,00:36,00:23,00:45,00:37,00:20,00:45,00:42,00:40,00:39,00:19,00:40,00:44,00:44,00:37,00:28,00:44,00:19,00:36,00:37,00:36,00:38,00:44,00:33,00:38,00:40,00:35,00:42,00:36,00:45,00:44,00:38,00:39,00:32,00:42,00:42,00:34,00:25,00:32,00:38,00:46,00:46,00:37,00:29,00:50,00:41,00:42,00:41,00:28,00:22,00:39,00:37,00:41,00:13,00:37,00:46,00:36,00:36,00:48,00:15,00:31,00:46,00:42,00:42,00:29,00:32,00:45,00:52,00:45,00:32,00:35,00:41,00:39,00:30,00:34,00:43,00:37,00:33,00:44,00:34,00:42,00:39,00:33,00:38,00:34,00:40,00:38,00:44,00:38,00:13,00:44
00:36,00:25,00:40,00:00,00:34,00:29,00:18,00:42,00:24,00:23,00:25,00:24,00:37,00:33,00:20,00:30,00:33,00:21,00:31,00:34,00:33,00:22,00:27,00:22,00:30,00:21,00:32,00:28,00:38,00:36,00:15,00:36,00:39,00:24,00:15,00:21,00:43,00:39,00:28,00:33,00:31,00:35,00:22,00:20,00:36,00:30,00:28,00:31,00:21,00:31,00:30,00:44,00:31,00:33,00:32,00:45,00:31,00:42,00:20,00:41,00:21,00:30,00:30,00:40,00:22,00:30,00:27,00:38,00:38,00:42,00:22,00:34,00:36,00:26,00:28,00:21,00:29,00:40,00:30,00:15,00:24,00:26,00:33,00:32,00:37,00:30,00:27,00:29,00:40,00:29,00:34,00:38,00:39,00:25,00:20,00:27,00:41,00:28,00:22,00:38,00:41
00:34,00:26,00:50,00:32,00:00,00:36,00:28,00:53,00:33,00:38,00:33,00:32,00:38,00:30,00:34,00:37,00:33,00:31,00:46,00:23,00:45,00:30,00:20,00:27,00:34,00:32,00:40,00:38,00:37,00:41,00:28,00:40,00:42,00:38,00:39,00:40,00:50,00:43,00:22,00:29,00:27,00:37,00:26,00:33,00:34,00:23,00:31,00:42,00:26,00:41,00:26,00:52,00:24,00:40,00:23,00:52,00:15,00:41,00:36,00:41,00:23,00:22,00:25,00:45,00:25,00:26,00:38,00:41,00:36,00:48,00:28,00:40,00:45,00:31,00:37,00:33,00:19,00:31,00:30,00:32,00:37,00:33,00:43,00:31,00:44,00:36,00:30,00:39,00:45,00:31,00:34,00:44,00:41,00:24,00:32,00:38,00:43,00:32,00:29,00:52,00:41
00:32,00:43,00:29,00:35,00:42,00:00,00:42,00:25,00:36,00:27,00:28,00:29,00:20,00:37,00:34,00:30,00:34,00:35,00:21,00:31,00:27,00:39,00:30,00:30,00:29,00:34,00:27,00:34,00:20,00:30,00:33,00:12,00:25,00:29,00:39,00:41,00:22,00:20,00:37,00:38,00:36,00:18,00:46,00:39,00:23,00:43,00:37,00:35,00:25,00:38,00:36,00:26,00:24,00:25,00:42,00:26,00:29,00:23,00:30,00:21,00:32,00:33,00:33,00:28,00:27,00:34,00:30,00:24,00:30,00:34,00:37,00:25,00:30,00:49,00:36,00:36,00:39,00:31,00:26,00:36,00:28,00:36,00:27,00:19,00:12,00:32,00:33,00:27,00:30,00:33,00:31,00:17,00:24,00:30,00:32,00:31,00:25,00:36,00:30,00:28,00:23
00:42,00:22,00:37,00:24,00:34,00:34,00:00,00:42,00:34,00:21,00:27,00:33,00:32,00:27,00:35,00:29,00:32,00:34,00:38,00:32,00:33,00:33,00:27,00:29,00:36,00:16,00:40,00:35,00:42,00:47,00:22,00:46,00:49,00:38,00:19,00:16,00:38,00:37,00:32,00:38,00:28,00:36,00:26,00:25,00:43,00:30,00:13,00:32,00:30,00:16,00:24,00:51,00:37,00:40,00:30,00:44,00:33,00:43,00:37,00:36,00:31,00:34,00:31,00:34,00:31,00:39,00:32,00:41,00:41,00:35,00:22,00:36,00:39,00:23,00:21,00:25,00:33,00:34,00:32,00:25,00:28,00:40,00:43,00:39,00:39,00:40,00:33,00:37,00:44,00:27,00:36,00:42,00:41,00:34,00:34,00:34,00:49,00:24,00:32,00:41,00:45
00:46,00:37,00:07,00:37,00:47,00:33,00:36,00:00,00:39,00:31,00:32,00:36,00:27,00:45,00:31,00:29,00:38,00:33,00:33,00:38,00:16,00:38,00:39,00:41,00:34,00:38,00:40,00:21,00:29,00:36,00:39,00:33,00:40,00:31,00:28,00:41,00:27,00:39,00:41,00:42,00:38,00:32,00:38,00:31,00:41,00:37,00:27,00:16,00:32,00:38,00:40,00:35,00:38,00:18,00:48,00:39,00:37,00:37,00:32,00:20,00:37,00:42,00:36,00:21,00:35,00:47,00:37,00:34,00:35,00:08,00:34,00:42,00:40,00:37,00:30,00:30,00:45,00:44,00:41,00:29,00:34,00:46,00:41,00:22,00:28,00:34,00:38,00:27,00:44,00:26,00:36,00:31,00:43,00:43,00:25,00:29,00:36,00:40,00:33,00:16,00:38
00:37,00:28,00:40,00:20,00:22,00:29,00:23,00:40,00:00,00:24,00:25,00:20,00:35,00:20,00:20,00:26,00:21,00:23,00:29,00:17,00:36,00:20,00:15,00:20,00:18,00:34,00:26,00:36,00:35,00:30,00:19,00:32,00:38,00:28,00:29,00:24,00:34,00:30,00:21,00:21,00:26,00:29,00:32,00:30,00:25,00:29,00:23,00:29,00:19,00:30,00:25,00:36,00:27,00:35,00:22,00:40,00:21,00:29,00:19,00:33,00:18,00:21,00:26,00:41,00:16,00:21,00:29,00:35,00:33,00:36,00:30,00:27,00:34,00:26,00:27,00:18,00:22,00:25,00:26,00:22,00:16,00:22,00:32,00:27,00:31,00:27,00:23,00:30,00:35,00:29,00:33,00:39,00:25,00:19,00:29,00:29,00:30,00:26,00:24,00:42,00:32
00:29,00:32,00:34,00:24,00:28,00:27,00:30,00:35,00:28,00:00,00:09,00:27,00:20,00:29,00:22,00:15,00:29,00:24,00:38,00:24,00:31,00:29,00:26,00:29,00:27,00:25,00:31,00:31,00:36,00:32,00:26,00:33,00:37,00:23,00:20,00:23,00:33,00:37,00:31,00:32,00:30,00:36,00:21,00:18,00:41,00:24,00:26,00:23,00:27,00:22,00:26,00:41,00:29,00:30,00:37,00:38,00:31,00:40,00:26,00:31,00:26,00:28,00:31,00:32,00:23,00:32,00:17,00:44,00:42,00:26,00:23,00:36,00:31,00:35,00:17,00:25,00:34,00:33,00:27,00:17,00:22,00:28,00:36,00:33,00:36,00:27,00:22,00:28,00:37,00:19,00:32,00:34,00:33,00:27,00:17,00:21,00:31,00:30,00:26,00:35,00:30
00:34,00:23,00:37,00:27,00:34,00:29,00:21,00:30,00:32,00:12,00:00,00:34,00:29,00:24,00:20,00:18,00:32,00:31,00:43,00:32,00:36,00:34,00:34,00:35,00:29,00:14,00:34,00:29,00:40,00:38,00:18,00:37,00:42,00:30,00:14,00:18,00:33,00:42,00:31,00:37,00:25,00:40,00:24,00:15,00:43,00:27,00:20,00:29,00:21,00:27,00:25,00:43,00:34,00:32,00:36,00:35,00:34,00:42,00:24,00:32,00:33,00:33,00:37,00:30,00:26,00:37,00:27,00:48,00:43,00:32,00:20,00:33,00:38,00:29,00:18,00:23,00:34,00:40,00:36,00:27,00:22,00:35,00:41,00:34,00:34,00:28,00:29,00:36,00:45,00:29,00:32,00:38,00:46,00:35,00:25,00:28,00:40,00:29,00:27,00:33,00:40
00:28,00:24,00:40,00:25,00:28,00:23,00:35,00:44,00:20,00:22,00:29,00:00,00:34,00:28,00:23,00:28,00:26,00:23,00:27,00:27,00:36,00:22,00:25,00:22,00:13,00:28,00:23,00:33,00:33,00:37,00:19,00:31,00:30,00:30,00:26,00:35,00:36,00:29,00:26,00:29,00:33,00:24,00:34,00:30,00:33,00:33,00:29,00:29,00:17,00:34,00:29,00:42,00:22,00:35,00:27,00:33,00:31,00:26,00:19,00:38,00:21,00:31,00:29,00:34,00:15,00:26,00:15,00:29,00:34,00:34,00:32,00:27,00:25,00:33,00:35,00:22,00:29,00:31,00:21,00:20,00:24,00:33,00:35,00:26,00:33,00:24,00:19,00:21,00:36,00:24,00:22,00:28,00:29,00:24,00:23,00:25,00:31,00:26,00:16,00:38,00:32
00:34,00:40,00:29,00:32,00:40,00:24,00:34,00:24,00:39,00:33,00:34,00:25,00:00,00:40,00:32,00:29,00:35,00:33,00:24,00:36,00:24,00:34,00:38,00:26,00:28,00:30,00:37,00:27,00:19,00:25,00:39,00:26,00:31,00:26,00:32,00:32,00:26,00:37,00:39,00:36,00:37,00:21,00:33,00:35,00:31,00:41,00:32,00:35,00:34,00:38,00:41,00:34,00:32,00:12,00:46,00:28,00:45,00:25,00:30,00:24,00:39,00:41,00:39,00:28,00:29,00:36,00:36,00:31,00:35,00:26,00:33,00:32,00:32,00:38,00:32,00:36,00:35,00:42,00:33,00:27,00:32,00:45,00:36,00:17,00:24,00:35,00:37,00:27,00:30,00:27,00:26,00:24,00:28,00:41,00:21,00:34,00:23,00:41,00:34,00:29,00:30
00:44,00:21,00:43,00:25,00:25,00:45,00:28,00:41,00:27,00:30,00:32,00:33,00:41,00:00,00:36,00:34,00:34,00:25,00:42,00:33,00:39,00:21,00:20,00:24,00:30,00:27,00:39,00:33,00:41,00:45,00:24,00:42,00:39,00:37,00:28,00:35,00:50,00:40,00:25,00:39,00:18,00:42,00:17,00:29,00:43,00:16,00:28,00:29,00:27,00:30,00:09,00:50,00:27,00:42,00:24,00:53,00:23,00:45,00:38,00:41,00:33,00:25,00:31,00:32,00:25,00:31,00:31,00:38,00:49,00:43,00:19,00:45,00:36,00:30,00:27,00:30,00:30,00:42,00:35,00:32,00:28,00:40,00:42,00:35,00:45,00:34,00:36,00:35,00:45,00:40,00:44,00:42,00:42,00:27,00:27,00:31,00:45,00:32,00:25,00:37,00:42
00:32,00:31,00:37,00:20,00:34,00:36,00:33,00:37,00:27,00:29,00:26,00:30,00:38,00:38,00:00,00:28,00:29,00:30,00:34,00:29,00:33,00:27,00:30,00:24,00:24,00:30,00:24,00:30,00:32,00:37,00:15,00:31,00:32,00:22,00:31,00:26,00:36,00:35,00:32,00:27,00:33,00:26,00:37,00:24,00:33,00:39,00:33,00:26,00:28,00:32,00:30,00:44,00:24,00:38,00:33,00:35,00:32,00:35,00:23,00:37,00:32,00:30,00:24,00:29,00:24,00:29,00:16,00:37,00:35,00:40,00:22,00:28,00:35,00:39,00:29,00:16,00:28,00:31,00:25,00:20,00:23,00:22,00:35,00:35,00:36,00:32,00:25,00:21,00:42,00:21,00:28,00:42,00:34,00:25,00:20,00:16,00:41,00:27,00:25,00:34,00:30
00:42,00:29,00:21,00:31,00:38,00:24,00:26,00:27,00:33,00:24,00:20,00:28,00:29,00:32,00:22,00:00,00:27,00:29,00:35,00:36,00:24,00:29,00:28,00:33,00:31,00:20,00:32,00:20,00:37,00:36,00:29,00:27,00:41,00:21,00:30,00:32,00:32,00:41,00:34,00:30,00:29,00:34,00:29,00:28,00:38,00:30,00:18,00:20,00:26,00:31,00:33,00:36,00:34,00:24,00:42,00:28,00:33,00:28,00:23,00:30,00:27,00:29,00:30,00:22,00:25,00:37,00:29,00:35,00:45,00:26,00:26,00:41,00:32,00:36,00:27,00:21,00:34,00:35,00:34,00:26,00:13,00:38,00:41,00:28,00:28,00:33,00:32,00:23,00:41,00:30,00:41,00:33,00:39,00:36,00:25,00:28,00:39,00:30,00:24,00:22,00:40
00:27,00:37,00:44,00:34,00:35,00:30,00:37,00:50,00:27,00:33,00:30,00:25,00:37,00:36,00:27,00:36,00:00,00:30,00:30,00:23,00:37,00:28,00:33,00:23,00:26,00:35,00:26,00:37,00:32,00:30,00:36,00:36,00:31,00:30,00:40,00:31,00:41,00:30,00:30,00:17,00:29,00:28,00:40,00:29,00:23,00:44,00:28,00:35,00:23,00:34,00:36,00:35,00:27,00:41,00:35,00:31,00:28,00:28,00:28,00:38,00:27,00:22,00:19,00:43,00:22,00:14,00:24,00:30,00:24,00:46,00:40,00:25,00:24,00:36,00:36,00:23,00:32,00:15,00:21,00:32,00:29,00:11,00:30,00:31,00:36,00:27,00:27,00:30,00:29,00:28,00:24,00:37,00:30,00:27,00:32,00:33,00:25,00:29,00:23,00:41,00:23
00:32,00:20,00:38,00:24,00:30,00:28,00:31,00:41,00:24,00:22,00:29,00:26,00:33,00:29,00:26,00:28,00:23,00:00,00:31,00:11,00:39,00:21,00:31,00:18,00:19,00:29,00:28,00:27,00:39,00:38,00:15,00:32,00:33,00:27,00:25,00:26,00:32,00:30,00:23,00:23,00:27,00:29,00:26,00:21,00:34,00:25,00:28,00:29,00:22,00:33,00:29,00:38,00:27,00:32,00:35,00:36,00:27,00:27,00:25,00:38,00:17,00:27,00:17,00:35,00:21,00:28,00:24,00:33,00:32,00:40,00:30,00:26,00:26,00:35,00:29,00:20,00:23,00:29,00:26,00:23,00:17,00:19,00:35,00:24,00:30,00:29,00:19,00:25,00:35,00:24,00:34,00:34,00:30,00:27,00:20,00:24,00:32,00:21,00:20,00:36,00:30
00:26,00:41,00:40,00:35,00:39,00:21,00:42,00:40,00:36,00:32,00:41,00:29,00:29,00:38,00:35,00:30,00:32,00:34,00:00,00:35,00:34,00:38,00:37,00:29,00:28,00:43,00:28,00:38,00:26,00:18,00:33,00:33,00:19,00:31,00:41,00:37,00:23,00:16,00:38,00:27,00:40,00:16,00:46,00:43,00:23,00:45,00:43,00:40,00:24,00:40,00:38,00:20,00:28,00:34,00:34,00:21,00:31,00:17,00:31,00:38,00:35,00:31,00:37,00:36,00:25,00:30,00:36,00:19,00:29,00:37,00:42,00:32,00:24,00:41,00:47,00:35,00:42,00:30,00:31,00:39,00:35,00:35,00:13,00:29,00:28,00:26,00:37,00:35,00:21,00:33,00:25,00:17,00:19,00:35,00:38,00:29,00:16,00:34,00:34,00:42,00:27
00:37,00:28,00:38,00:25,00:25,00:30,00:30,00:44,00:14,00:30,00:29,00:24,00:34,00:30,00:28,00:38,00:26,00:24,00:35,00:00,00:40,00:22,00:25,00:16,00:28,00:28,00:25,00:40,00:35,00:36,00:28,00:36,00:36,00:26,00:32,00:32,00:34,00:37,00:20,00:23,00:24,00:32,00:34,00:34,00:37,00:33,00:34,00:37,00:15,00:37,00:32,00:45,00:24,00:34,00:28,00:33,00:27,00:38,00:28,00:39,00:27,00:22,00:24,00:41,00:20,00:27,00:34,00:38,00:32,00:48,00:29,00:35,00:32,00:32,00:29,00:23,00:20,00:29,00:33,00:31,00:23,00:27,00:32,00:31,00:37,00:28,00:20,00:27,00:38,00:31,00:32,00:42,00:27,00:20,00:24,00:27,00:31,00:18,00:17,00:40,00:30
00:34,00:41,00:16,00:37,00:45,00:33,00:29,00:19,00:42,00:30,00:38,00:38,00:28,00:40,00:34,00:28,00:35,00:43,00:39,00:39,00:00,00:44,00:39,00:30,00:33,00:30,00:43,00:21,00:29,00:34,00:34,00:28,00:35,00:24,00:32,00:36,00:29,00:33,00:44,00:41,00:33,00:35,00:30,00:38,00:41,00:37,00:37,00:27,00:36,00:39,00:39,00:37,00:37,00:25,00:42,00:37,00:42,00:37,00:34,00:17,00:40,00:40,00:40,00:19,00:37,00:40,00:30,00:41,00:40,00:21,00:37,00:40,00:36,00:42,00:35,00:35,00:43,00:41,00:34,00:29,00:32,00:45,00:36,00:29,00:33,00:39,00:33,00:25,00:41,00:33,00:36,00:32,00:36,00:43,00:25,00:34,00:34,00:41,00:36,00:13,00:37
00:37,00:25,00:43,00:27,00:17,00:33,00:35,00:45,00:25,00:34,00:34,00:30,00:42,00:22,00:32,00:34,00:32,00:19,00:38,00:20,00:42,00:00,00:24,00:21,00:20,00:37,00:34,00:44,00:44,00:42,00:28,00:37,00:36,00:35,00:32,00:36,00:38,00:39,00:21,00:28,00:28,00:31,00:37,00:36,00:32,00:26,00:34,00:40,00:23,00:32,00:24,00:39,00:24,00:42,00:16,00:38,00:11,00:38,00:32,00:36,00:29,00:22,00:26,00:39,00:25,00:29,00:25,00:36,00:38,00:50,00:33,00:33,00:42,00:34,00:33,00:25,00:21,00:36,00:32,00:30,00:31,00:35,00:36,00:31,00:36,00:28,00:30,00:32,00:44,00:33,00:37,00:41,00:39,00:17,00:33,00:28,00:44,00:19,00:20,00:39,00:34
00:38,00:21,00:44,00:25,00:24,00:35,00:32,00:46,00:20,00:36,00:29,00:25,00:34,00:21,00:32,00:39,00:25,00:22,00:36,00:25,00:38,00:19,00:00,00:24,00:23,00:28,00:34,00:41,00:39,00:36,00:22,00:40,00:40,00:36,00:31,00:37,00:41,00:37,00:18,00:33,00:20,00:35,00:22,00:30,00:30,00:26,00:26,00:39,00:20,00:30,00:15,00:48,00:23,00:34,00:15,00:38,00:24,00:37,00:26,00:35,00:25,00:23,00:25,00:42,00:25,00:33,00:28,00:37,00:38,00:45,00:25,00:30,00:32,00:25,00:25,00:25,00:25,00:35,00:28,00:27,00:21,00:33,00:37,00:27,00:32,00:30,00:25,00:32,00:39,00:31,00:33,00:35,00:36,00:24,00:31,00:34,00:40,00:23,00:29,00:41,00:37
00:35,00:36,00:42,00:26,00:25,00:26,00:28,00:42,00:25,00:30,00:33,00:24,00:40,00:29,00:29,00:35,00:28,00:08,00:36,00:18,00:36,00:20,00:28,00:00,00:27,00:31,00:32,00:33,00:40,00:38,00:24,00:35,00:43,00:30,00:28,00:33,00:38,00:34,00:27,00:30,00:34,00:27,00:36,00:33,00:31,00:35,00:29,00:35,00:17,00:30,00:26,00:46,00:23,00:40,00:32,00:35,00:30,00:36,00:30,00:34,00:19,00:29,00:25,00:35,00:20,00:32,00:25,00:38,00:34,00:42,00:31,00:27,00:33,00:36,00:30,00:30,00:28,00:31,00:22,00:30,00:26,00:27,00:32,00:29,00:26,00:26,00:18,00:31,00:35,00:22,00:33,00:38,00:33,00:26,00:31,00:29,00:38,00:25,00:24,00:40,00:32
00:24,00:26,00:34,00:23,00:28,00:24,00:34,00:34,00:25,00:25,00:27,00:13,00:33,00:33,00:21,00:23,00:20,00:22,00:32,00:22,00:30,00:26,00:20,00:17,00:00,00:24,00:24,00:30,00:35,00:30,00:17,00:34,00:25,00:22,00:25,00:26,00:29,00:33,00:22,00:26,00:27,00:24,00:33,00:24,00:32,00:32,00:25,00:26,00:12,00:26,00:27,00:35,00:20,00:32,00:28,00:34,00:22,00:28,00:17,00:29,00:23,00:28,00:30,00:26,00:18,00:27,00:23,00:27,00:36,00:36,00:27,00:25,00:32,00:35,00:27,00:18,00:19,00:33,00:19,00:22,00:19,00:26,00:34,00:32,00:28,00:25,00:25,00:14,00:29,00:18,00:26,00:31,00:32,00:25,00:19,00:20,00:32,00:18,00:24,00:33,00:31
00:42,00:21,00:38,00:26,00:31,00:34,00:19,00:36,00:28,00:20,00:19,00:32,00:31,00:27,00:29,00:28,00:37,00:31,00:42,00:26,00:35,00:33,00:30,00:32,00:27,00:00,00:39,00:32,00:45,00:43,00:17,00:35,00:43,00:33,00:18,00:24,00:40,00:48,00:31,00:35,00:20,00:31,00:19,00:25,00:46,00:22,00:07,00:34,00:22,00:17,00:22,00:48,00:31,00:33,00:38,00:38,00:32,00:46,00:24,00:31,00:35,00:28,00:34,00:33,00:31,00:32,00:30,00:44,00:40,00:39,00:19,00:38,00:40,00:29,00:22,00:25,00:35,00:44,00:40,00:24,00:23,00:36,00:40,00:39,00:34,00:34,00:31,00:34,00:46,00:33,00:38,00:31,00:40,00:31,00:32,00:25,00:42,00:35,00:29,00:30,00:35
00:26,00:33,00:45,00:29,00:34,00:35,00:34,00:45,00:27,00:31,00:35,00:27,00:34,00:34,00:37,00:42,00:24,00:29,00:27,00:33,00:41,00:31,00:33,00:22,00:26,00:41,00:00,00:40,00:35,00:25,00:33,00:30,00:28,00:31,00:37,00:40,00:37,00:31,00:33,00:17,00:36,00:25,00:42,00:31,00:21,00:44,00:43,00:44,00:25,00:43,00:39,00:32,00:22,00:32,00:36,00:30,00:32,00:29,00:22,00:37,00:33,00:34,00:27,00:40,00:23,00:29,00:26,00:30,00:22,00:42,00:38,00:13,00:19,00:43,00:38,00:26,00:34,00:21,00:15,00:33,00:30,00:20,00:29,00:24,00:24,00:16,00:28,00:26,00:33,00:24,00:11,00:36,00:30,00:28,00:26,00:26,00:32,00:31,00:29,00:40,00:22
00:49,00:32,00:24,00:30,00:46,00:38,00:30,00:25,00:41,00:26,00:34,00:40,00:33,00:38,00:28,00:22,00:33,00:36,00:39,00:37,00:26,00:34,00:41,00:34,00:36,00:30,00:41,00:00,00:34,00:39,00:33,00:37,00:44,00:29,00:33,00:31,00:39,00:34,00:41,00:35,00:40,00:36,00:36,00:28,00:43,00:30,00:23,00:16,00:36,00:35,00:41,00:40,00:37,00:27,00:43,00:37,00:40,00:33,00:24,00:17,00:41,00:46,00:39,00:18,00:36,00:45,00:35,00:41,00:54,00:21,00:34,00:41,00:39,00:44,00:34,00:28,00:41,00:40,00:40,00:35,00:30,00:43,00:40,00:29,00:37,00:39,00:34,00:37,00:42,00:27,00:44,00:33,00:38,00:42,00:27,00:33,00:41,00:40,00:29,00:22,00:47
00:29,00:43,00:39,00:33,00:44,00:13,00:35,00:36,00:35,00:35,00:35,00:28,00:27,00:38,00:33,00:28,00:33,00:31,00:26,00:36,00:32,00:40,00:33,00:38,00:34,00:38,00:26,00:37,00:00,00:28,00:39,00:17,00:21,00:33,00:39,00:41,00:14,00:22,00:32,00:35,00:39,00:19,00:44,00:31,00:32,00:40,00:35,00:36,00:23,00:41,00:43,00:22,00:32,00:26,00:41,00:24,00:35,00:22,00:33,00:20,00:35,00:35,00:38,00:37,00:28,00:36,00:30,00:21,00:33,00:34,00:42,00:27,00:27,00:41,00:39,00:37,00:33,00:37,00:32,00:39,00:29,00:37,00:23,00:21,00:19,00:32,00:37,00:24,00:23,00:34,00:21,00:20,00:18,00:40,00:36,00:32,00:21,00:35,00:32,00:37,00:27
00:27,00:50,00:44,00:41,00:46,00:22,00:39,00:40,00:40,00:40,00:39,00:33,00:27,00:43,00:39,00:38,00:32,00:42,00:22,00:34,00:35,00:39,00:34,00:36,00:40,00:41,00:34,00:34,00:26,00:00,00:44,00:34,00:18,00:35,00:41,00:39,00:20,00:16,00:44,00:31,00:51,00:23,00:50,00:39,00:23,00:49,00:41,00:48,00:39,00:40,00:41,00:16,00:35,00:29,00:44,00:20,00:42,00:20,00:35,00:37,00:40,00:43,00:33,00:35,00:34,00:25,00:35,00:14,00:32,00:34,00:49,00:24,00:28,00:53,00:45,00:42,00:44,00:30,00:32,00:41,00:32,00:33,00:19,00:33,00:27,00:27,00:40,00:32,00:22,00:43,00:28,00:19,00:14,00:39,00:40,00:35,00:13,00:42,00:35,00:38,00:26
00:40,00:25,00:40,00:12,00:33,00:33,00:24,00:47,00:26,00:28,00:27,00:32,00:31,00:26,00:27,00:32,00:34,00:29,00:43,00:30,00:43,00:25,00:28,00:30,00:33,00:28,00:37,00:33,00:39,00:37,00:00,00:39,00:41,00:35,00:22,00:21,00:44,00:44,00:24,00:35,00:24,00:35,00:22,00:22,00:43,00:25,00:22,00:37,00:31,00:23,00:25,00:50,00:28,00:40,00:36,00:45,00:29,00:45,00:29,00:40,00:30,00:27,00:27,00:39,00:26,00:34,00:31,00:40,00:44,00:37,00:19,00:34,00:38,00:28,00:25,00:18,00:29,00:37,00:32,00:24,00:23,00:36,00:40,00:37,00:39,00:30,00:29,00:24,00:41,00:28,00:33,00:43,00:36,00:32,00:27,00:29,00:43,00:27,00:26,00:39,00:42
00:34,00:45,00:39,00:39,00:42,00:15,00:37,00:38,00:38,00:37,00:36,00:34,00:25,00:34,00:35,00:34,00:40,00:37,00:31,00:35,00:28,00:38,00:37,00:28,00:34,00:34,00:36,00:34,00:20,00:27,00:36,00:00,00:22,00:30,00:39,00:42,00:26,00:25,00:40,00:39,00:45,00:24,00:40,00:40,00:29,00:43,00:40,00:35,00:28,00:39,00:44,00:32,00:30,00:20,00:42,00:22,00:40,00:29,00:32,00:24,00:31,00:31,00:38,00:34,00:24,00:39,00:31,00:34,00:30,00:29,00:42,00:33,00:27,00:53,00:35,00:36,00:40,00:38,00:24,00:38,00:33,00:33,00:32,00:18,00:05,00:31,00:32,00:33,00:26,00:39,00:28,00:20,00:29,00:35,00:40,00:31,00:26,00:34,00:33,00:35,00:27
00:29,00:41,00:39,00:39,00:43,00:23,00:43,00:42,00:35,00:41,00:40,00:26,00:27,00:42,00:39,00:33,00:31,00:32,00:13,00:38,00:35,00:41,00:37,00:37,00:30,00:39,00:26,00:45,00:23,00:26,00:35,00:24,00:00,00:32,00:36,00:40,00:23,00:13,00:36,00:35,00:38,00:17,00:44,00:36,00:21,00:42,00:43,00:46,00:23,00:44,00:34,00:23,00:32,00:28,00:40,00:30,00:43,00:10,00:30,00:30,00:35,00:43,00:36,00:38,00:27,00:32,00:25,00:24,00:25,00:42,00:41,00:27,00:23,00:51,00:39,00:35,00:36,00:30,00:33,00:38,00:29,00:29,00:19,00:23,00:28,00:30,00:35,00:28,00:14,00:35,00:26,00:22,00:13,00:34,00:39,00:36,00:25,00:37,00:32,00:34,00:26
00:42,00:34,00:29,00:28,00:38,00:30,00:30,00:33,00:27,00:25,00:20,00:24,00:27,00:37,00:20,00:16,00:33,00:27,00:31,00:26,00:32,00:26,00:38,00:26,00:24,00:29,00:35,00:30,00:35,00:43,00:28,00:27,00:41,00:00,00:25,00:26,00:35,00:34,00:31,00:36,00:38,00:31,00:32,00:24,00:40,00:38,00:21,00:29,00:27,00:32,00:36,00:37,00:26,00:22,00:36,00:35,00:37,00:41,00:19,00:30,00:26,00:33,00:31,00:30,00:31,00:34,00:23,00:38,00:38,00:28,00:32,00:36,00:31,00:40,00:25,00:24,00:33,00:37,00:23,00:18,00:10,00:27,00:44,00:31,00:35,00:28,00:29,00:19,00:37,00:20,00:33,00:33,00:35,00:28,00:17,00:18,00:36,00:32,00:29,00:28,00:35
00:36,00:23,00:39,00:25,00:37,00:44,00:23,00:37,00:25,00:22,00:18,00:31,00:29,00:31,00:20,00:25,00:32,00:27,00:40,00:29,00:27,00:33,00:25,00:30,00:34,00:15,00:32,00:27,00:46,00:36,00:23,00:41,00:39,00:33,00:00,00:13,00:40,00:45,00:27,00:36,00:26,00:40,00:28,00:15,00:47,00:27,00:18,00:24,00:30,00:20,00:23,00:47,00:35,00:36,00:29,00:41,00:30,00:41,00:23,00:34,00:32,00:33,00:28,00:30,00:29,00:38,00:28,00:44,00:39,00:33,00:20,00:43,00:36,00:33,00:20,00:27,00:35,00:37,00:34,00:19,00:25,00:36,00:43,00:40,00:41,00:38,00:34,00:36,00:50,00:26,00:40,00:41,00:38,00:36,00:27,00:23,00:40,00:31,00:33,00:37,00:37
00:40,00:28,00:39,00:24,00:34,00:40,00:14,00:41,00:35,00:14,00:15,00:32,00:40,00:31,00:22,00:36,00:35,00:34,00:40,00:30,00:35,00:32,00:30,00:31,00:34,00:23,00:36,00:31,00:43,00:40,00:22,00:43,00:47,00:30,00:17,00:00,00:43,00:40,00:32,00:32,00:24,00:35,00:28,00:10,00:43,00:33,00:19,00:32,00:27,00:25,00:36,00:43,00:29,00:32,00:34,00:45,00:33,00:41,00:25,00:32,00:31,00:34,00:30,00:31,00:21,00:37,00:27,00:44,00:37,00:37,00:20,00:38,00:39,00:35,00:18,00:24,00:34,00:37,00:26,00:17,00:20,00:35,00:45,00:38,00:33,00:39,00:24,00:30,00:41,00:30,00:31,00:42,00:36,00:34,00:28,00:26,00:46,00:34,00:23,00:42,00:33
00:34,00:44,00:31,00:32,00:47,00:22,00:39,00:27,00:37,00:32,00:40,00:30,00:25,00:45,00:34,00:32,00:39,00:33,00:24,00:39,00:29,00:34,00:36,00:33,00:35,00:42,00:38,00:41,00:10,00:18,00:43,00:20,00:16,00:40,00:40,00:40,00:00,00:21,00:43,00:39,00:50,00:26,00:40,00:43,00:26,00:47,00:33,00:36,00:29,00:43,00:45,00:23,00:33,00:28,00:44,00:22,00:37,00:19,00:33,00:24,00:37,00:40,00:41,00:26,00:26,00:36,00:35,00:18,00:31,00:33,00:45,00:31,00:25,00:50,00:37,00:39,00:38,00:43,00:28,00:34,00:39,00:40,00:20,00:21,00:23,00:31,00:31,00:36,00:18,00:28,00:34,00:13,00:26,00:41,00:28,00:38,00:17,00:42,00:35,00:29,00:31
00:20,00:36,00:44,00:35,00:41,00:24,00:48,00:36,00:34,00:39,00:43,00:30,00:36,00:35,00:30,00:37,00:32,00:31,00:19,00:35,00:37,00:41,00:30,00:30,00:36,00:47,00:33,00:45,00:20,00:21,00:39,00:27,00:17,00:33,00:42,00:46,00:27,00:00,00:35,00:31,00:46,00:19,00:44,00:43,00:29,00:47,00:38,00:39,00:30,00:43,00:39,00:24,00:34,00:29,00:42,00:19,00:36,00:18,00:30,00:33,00:36,00:30,00:39,00:39,00:30,00:28,00:23,00:17,00:30,00:43,00:39,00:28,00:23,00:49,00:44,00:33,00:40,00:32,00:35,00:33,00:31,00:32,00:18,00:22,00:27,00:29,00:35,00:28,00:07,00:28,00:19,00:28,00:16,00:41,00:35,00:35,00:24,00:31,00:31,00:33,00:19
00:35,00:22,00:37,00:28,00:25,00:30,00:33,00:46,00:18,00:25,00:30,00:24,00:38,00:22,00:28,00:33,00:28,00:22,00:37,00:21,00:35,00:17,00:16,00:18,00:24,00:37,00:28,00:34,00:34,00:41,00:26,00:37,00:32,00:31,00:25,00:35,00:32,00:36,00:00,00:27,00:21,00:31,00:34,00:29,00:40,00:22,00:29,00:34,00:21,00:31,00:27,00:38,00:26,00:36,00:18,00:39,00:18,00:35,00:20,00:38,00:26,00:22,00:26,00:40,00:20,00:27,00:26,00:38,00:37,00:37,00:30,00:31,00:29,00:34,00:33,00:27,00:21,00:34,00:26,00:24,00:21,00:31,00:31,00:31,00:34,00:31,00:25,00:33,00:34,00:28,00:30,00:36,00:34,00:20,00:27,00:30,00:38,00:19,00:20,00:36,00:33
00:23,00:37,00:46,00:27,00:31,00:31,00:41,00:51,00:31,00:32,00:37,00:31,00:39,00:30,00:32,00:40,00:12,00:27,00:32,00:29,00:39,00:32,00:33,00:27,00:32,00:37,00:19,00:39,00:38,00:29,00:31,00:32,00:30,00:30,00:37,00:38,00:39,00:31,00:35,00:00,00:35,00:29,00:33,00:30,00:22,00:39,00:36,00:38,00:29,00:33,00:40,00:40,00:26,00:36,00:39,00:40,00:29,00:37,00:27,00:38,00:30,00:25,00:26,00:36,00:29,00:23,00:31,00:27,00:23,00:39,00:42,00:24,00:23,00:44,00:37,00:30,00:29,00:24,00:25,00:26,00:28,00:12,00:29,00:29,00:34,00:14,00:25,00:33,00:35,00:26,00:21,00:36,00:34,00:24,00:27,00:33,00:36,00:27,00:18,00:42,00:25
00:41,00:15,00:41,00:28,00:30,00:41,00:29,00:43,00:32,00:24,00:24,00:30,00:42,00:17,00:31,00:27,00:29,00:24,00:39,00:28,00:41,00:28,00:19,00:23,00:28,00:28,00:41,00:33,00:46,00:40,00:29,00:42,00:47,00:37,00:27,00:32,00:46,00:42,00:24,00:33,00:00,00:38,00:21,00:32,00:36,00:18,00:21,00:35,00:28,00:26,00:21,00:53,00:32,00:37,00:18,00:41,00:27,00:41,00:26,00:37,00:32,00:26,00:36,00:38,00:33,00:35,00:39,00:41,00:41,00:44,00:17,00:45,00:39,00:26,00:29,00:27,00:32,00:34,00:35,00:30,00:27,00:36,00:40,00:39,00:41,00:40,00:34,00:31,00:42,00:30,00:40,00:39,00:43,00:28,00:31,00:30,00:42,00:35,00:31,00:44,00:45
00:25,00:36,00:35,00:31,00:33,00:15,00:38,00:36,00:29,00:26,00:40,00:30,00:26,00:39,00:32,00:37,00:31,00:33,00:21,00:27,00:32,00:31,00:30,00:32,00:22,00:34,00:26,00:37,00:25,00:24,00:29,00:28,00:20,00:31,00:37,00:39,00:31,00:20,00:33,00:30,00:38,00:00,00:44,00:38,00:22,00:36,00:38,00:31,00:30,00:35,00:39,00:30,00:25,00:26,00:31,00:24,00:34,00:14,00:25,00:28,00:27,00:37,00:29,00:33,00:23,00:26,00:27,00:24,00:24,00:40,00:40,00:24,00:24,00:39,00:43,00:30,00:30,00:29,00:23,00:27,00:30,00:27,00:21,00:14,00:21,00:26,00:28,00:31,00:21,00:27,00:22,00:21,00:23,00:35,00:32,00:32,00:18,00:28,00:30,00:31,00:29
00:48,00:25,00:39,00:20,00:33,00:36,00:33,00:40,00:34,00:28,00:21,00:33,00:35,00:24,00:30,00:30,00:38,00:35,00:44,00:31,00:38,00:33,00:27,00:29,00:35,00:27,00:39,00:35,00:39,00:52,00:24,00:49,00:40,00:33,00:26,00:33,00:43,00:41,00:32,00:34,00:26,00:37,00:00,00:32,00:50,00:16,00:24,00:28,00:29,00:28,00:22,00:50,00:37,00:39,00:32,00:45,00:32,00:49,00:31,00:37,00:39,00:34,00:35,00:32,00:35,00:41,00:34,00:49,00:48,00:45,00:11,00:36,00:42,00:22,00:28,00:30,00:27,00:38,00:40,00:30,00:27,00:36,00:49,00:43,00:42,00:37,00:38,00:41,00:49,00:39,00:42,00:40,00:42,00:27,00:36,00:38,00:50,00:28,00:32,00:35,00:37
00:36,00:28,00:32,00:15,00:33,00:37,00:21,00:41,00:25,00:15,00:15,00:22,00:36,00:32,00:17,00:22,00:32,00:31,00:34,00:27,00:35,00:32,00:30,00:26,00:27,00:20,00:34,00:29,00:38,00:39,00:25,00:42,00:39,00:23,00:14,00:15,00:42,00:43,00:32,00:27,00:23,00:36,00:25,00:00,00:40,00:30,00:22,00:30,00:31,00:19,00:28,00:48,00:35,00:28,00:36,00:46,00:31,00:33,00:24,00:34,00:31,00:34,00:29,00:28,00:22,00:33,00:24,00:33,00:36,00:33,00:27,00:36,00:34,00:26,00:13,00:17,00:35,00:36,00:31,00:13,00:20,00:33,00:39,00:36,00:40,00:32,00:28,00:26,00:40,00:28,00:39,00:35,00:38,00:30,00:23,00:30,00:36,00:32,00:31,00:36,00:33
00:14,00:46,00:37,00:40,00:34,00:31,00:42,00:44,00:35,00:38,00:40,00:27,00:26,00:41,00:38,00:39,00:26,00:33,00:22,00:33,00:35,00:34,00:34,00:35,00:38,00:45,00:14,00:40,00:25,00:28,00:35,00:27,00:24,00:35,00:43,00:43,00:36,00:23,00:41,00:23,00:39,00:24,00:43,00:40,00:00,00:46,00:40,00:45,00:32,00:44,00:37,00:26,00:16,00:37,00:40,00:27,00:35,00:22,00:35,00:35,00:35,00:37,00:32,00:41,00:32,00:26,00:30,00:30,00:12,00:38,00:39,00:16,00:11,00:52,00:38,00:33,00:35,00:28,00:22,00:36,00:32,00:27,00:21,00:24,00:26,00:21,00:34,00:30,00:23,00:34,00:14,00:25,00:27,00:31,00:38,00:34,00:26,00:34,00:32,00:37,00:14
00:39,00:25,00:45,00:27,00:32,00:46,00:28,00:43,00:33,00:26,00:28,00:42,00:43,00:22,00:41,00:28,00:36,00:34,00:43,00:37,00:38,00:32,00:28,00:31,00:35,00:26,00:45,00:40,00:43,00:49,00:29,00:47,00:43,00:40,00:30,00:34,00:48,00:46,00:29,00:32,00:16,00:42,00:24,00:33,00:47,00:00,00:29,00:35,00:38,00:29,00:24,00:49,00:34,00:45,00:35,00:50,00:32,00:46,00:35,00:40,00:40,00:35,00:38,00:40,00:32,00:44,00:36,00:47,00:50,00:44,00:13,00:43,00:48,00:19,00:29,00:36,00:34,00:43,00:42,00:26,00:26,00:41,00:47,00:46,00:48,00:35,00:37,00:39,00:55,00:35,00:42,00:44,00:46,00:30,00:38,00:38,00:45,00:35,00:36,00:40,00:45
00:39,00:21,00:36,00:21,00:26,00:38,00:19,00:45,00:26,00:22,00:27,00:27,00:38,00:23,00:26,00:26,00:36,00:33,00:42,00:31,00:30,00:26,00:30,00:31,00:33,00:15,00:32,00:32,00:36,00:40,00:24,00:33,00:44,00:33,00:17,00:27,00:38,00:43,00:25,00:30,00:21,00:38,00:27,00:18,00:41,00:27,00:00,00:36,00:25,00:10,00:21,00:51,00:25,00:35,00:32,00:46,00:32,00:40,00:26,00:32,00:28,00:34,00:36,00:30,00:26,00:32,00:27,00:40,00:39,00:32,00:13,00:40,00:36,00:28,00:20,00:23,00:27,00:34,00:37,00:27,00:26,00:28,00:41,00:35,00:39,00:34,00:30,00:36,00:40,00:35,00:39,00:39,00:34,00:31,00:27,00:31,00:44,00:30,00:31,00:42,00:37
00:43,00:36,00:17,00:38,00:41,00:37,00:26,00:26,00:33,00:29,00:31,00:37,00:31,00:33,00:27,00:20,00:36,00:38,00:39,00:34,00:18,00:37,00:43,00:35,00:37,00:32,00:45,00:11,00:31,00:41,00:33,00:32,00:45,00:30,00:29,00:34,00:35,00:39,00:36,00:36,00:36,00:34,00:30,00:28,00:45,00:38,00:25,00:00,00:29,00:31,00:33,00:43,00:33,00:30,00:41,00:35,00:35,00:42,00:32,00:26,00:31,00:40,00:37,00:23,00:32,00:36,00:34,00:42,00:41,00:24,00:31,00:44,00:42,00:37,00:31,00:31,00:35,00:43,00:39,00:31,00:28,00:40,00:44,00:33,00:37,00:40,00:33,00:26,00:38,00:31,00:43,00:34,00:38,00:36,00:27,00:33,00:35,00:33,00:29,00:20,00:48
00:28,00:26,00:38,00:21,00:28,00:26,00:33,00:45,00:18,00:28,00:31,00:16,00:27,00:21,00:14,00:29,00:24,00:21,00:23,00:27,00:30,00:23,00:21,00:16,00:16,00:30,00:22,00:26,00:35,00:34,00:27,00:30,00:28,00:18,00:27,00:23,00:33,00:32,00:22,00:29,00:25,00:27,00:26,00:27,00:28,00:29,00:26,00:29,00:00,00:32,00:28,00:43,00:16,00:32,00:23,00:37,00:26,00:32,00:20,00:29,00:30,00:18,00:31,00:36,00:12,00:29,00:18,00:32,00:32,00:34,00:31,00:24,00:35,00:32,00:33,00:26,00:24,00:25,00:27,00:18,00:21,00:32,00:27,00:28,00:26,00:27,00:24,00:26,00:31,00:23,00:24,00:34,00:28,00:26,00:20,00:22,00:34,00:21,00:17,00:36,00:33
00:41,00:27,00:33,00:24,00:30,00:42,00:19,00:40,00:33,00:24,00:18,00:34,00:35,00:27,00:34,00:32,00:35,00:28,00:41,00:27,00:38,00:31,00:29,00:31,00:29,00:17,00:39,00:32,00:36,00:42,00:24,00:42,00:40,00:36,00:21,00:20,00:45,00:38,00:26,00:35,00:20,00:39,00:21,00:20,00:46,00:18,00:18,00:32,00:27,00:00,00:24,00:46,00:27,00:40,00:34,00:49,00:34,00:44,00:30,00:34,00:30,00:34,00:37,00:35,00:29,00:29,00:34,00:45,00:43,00:39,00:24,00:39,00:37,00:29,00:20,00:28,00:32,00:35,00:34,00:25,00:26,00:32,00:42,00:41,00:40,00:37,00:38,00:39,00:44,00:38,00:40,00:42,00:41,00:27,00:29,00:33,00:38,00:28,00:27,00:40,00:35
00:38,00:21,00:41,00:22,00:22,00:32,00:33,00:38,00:22,00:23,00:24,00:35,00:31,00:13,00:25,00:26,00:33,00:23,00:39,00:27,00:35,00:25,00:19,00:20,00:30,00:26,00:38,00:34,00:46,00:42,00:24,00:43,00:47,00:39,00:21,00:29,00:42,00:44,00:28,00:37,00:22,00:34,00:23,00:32,00:43,00:18,00:25,00:33,00:29,00:27,00:00,00:50,00:29,00:38,00:21,00:50,00:22,00:36,00:34,00:34,00:32,00:31,00:34,00:31,00:25,00:33,00:36,00:41,00:44,00:42,00:27,00:39,00:42,00:26,00:24,00:28,00:23,00:35,00:36,00:31,00:31,00:36,00:43,00:37,00:39,00:37,00:28,00:38,00:43,00:32,00:39,00:41,00:41,00:27,00:35,00:37,00:45,00:25,00:31,00:37,00:41
00:28,00:42,00:44,00:41,00:48,00:20,00:44,00:34,00:38,00:40,00:35,00:35,00:31,00:45,00:42,00:30,00:36,00:42,00:24,00:31,00:31,00:42,00:38,00:33,00:34,00:36,00:29,00:35,00:29,00:23,00:40,00:25,00:28,00:45,00:46,00:46,00:18,00:23,00:39,00:36,00:49,00:19,00:51,00:45,00:23,00:46,00:41,00:41,00:38,00:40,00:40,00:00,00:30,00:28,00:42,00:16,00:45,00:27,00:31,00:34,00:33,00:42,00:40,00:35,00:32,00:37,00:37,00:15,00:33,00:42,00:45,00:27,00:29,00:54,00:41,00:32,00:40,00:38,00:35,00:35,00:33,00:36,00:20,00:23,00:31,00:30,00:37,00:30,00:20,00:43,00:24,00:21,00:24,00:36,00:33,00:35,00:12,00:42,00:31,00:35,00:34
00:20,00:31,00:44,00:32,00:35,00:26,00:32,00:42,00:33,00:29,00:35,00:25,00:30,00:28,00:32,00:32,00:25,00:27,00:30,00:26,00:33,00:25,00:30,00:23,00:26,00:34,00:17,00:34,00:31,00:29,00:25,00:29,00:32,00:32,00:33,00:36,00:29,00:33,00:27,00:14,00:35,00:26,00:36,00:33,00:23,00:38,00:36,00:31,00:24,00:36,00:33,00:32,00:00,00:32,00:35,00:33,00:30,00:31,00:28,00:37,00:23,00:33,00:23,00:36,00:20,00:23,00:29,00:33,00:19,00:39,00:35,00:18,00:25,00:45,00:32,00:32,00:28,00:25,00:11,00:29,00:20,00:25,00:27,00:22,00:29,00:15,00:28,00:23,00:23,00:29,00:20,00:28,00:27,00:32,00:24,00:23,00:34,00:28,00:30,00:31,00:14
00:33,00:40,00:22,00:35,00:37,00:25,00:31,00:26,00:37,00:25,00:29,00:27,00:18,00:36,00:35,00:20,00:32,00:31,00:34,00:39,00:18,00:30,00:42,00:33,00:28,00:29,00:30,00:20,00:26,00:31,00:38,00:23,00:33,00:29,00:35,00:27,00:26,00:27,00:40,00:37,00:36,00:29,00:31,00:34,00:35,00:30,00:26,00:29,00:31,00:32,00:37,00:35,00:36,00:00,00:40,00:31,00:37,00:33,00:21,00:18,00:32,00:34,00:38,00:23,00:33,00:40,00:35,00:32,00:32,00:27,00:33,00:30,00:28,00:34,00:25,00:28,00:42,00:41,00:34,00:22,00:24,00:41,00:35,00:23,00:19,00:35,00:27,00:24,00:37,00:22,00:37,00:22,00:33,00:36,00:28,00:26,00:32,00:43,00:33,00:25,00:35
00:39,00:27,00:45,00:33,00:22,00:35,00:28,00:40,00:22,00:35,00:33,00:25,00:40,00:33,00:31,00:30,00:30,00:23,00:42,00:25,00:45,00:28,00:20,00:22,00:29,00:28,00:36,00:37,00:37,00:38,00:25,00:34,00:40,00:27,00:29,00:34,00:37,00:40,00:21,00:34,00:25,00:36,00:30,00:34,00:38,00:35,00:26,00:31,00:24,00:31,00:25,00:50,00:24,00:45,00:00,00:45,00:25,00:40,00:26,00:43,00:32,00:25,00:32,00:44,00:21,00:29,00:30,00:37,00:35,00:44,00:27,00:39,00:33,00:36,00:34,00:26,00:25,00:39,00:30,00:33,00:27,00:36,00:37,00:34,00:31,00:31,00:29,00:29,00:43,00:33,00:29,00:41,00:37,00:28,00:33,00:32,00:44,00:33,00:24,00:43,00:35
00:30,00:49,00:42,00:45,00:42,00:27,00:44,00:43,00:35,00:44,00:39,00:33,00:25,00:42,00:40,00:38,00:39,00:43,00:23,00:39,00:31,00:37,00:37,00:40,00:31,00:45,00:36,00:38,00:26,00:18,00:42,00:28,00:26,00:35,00:45,00:42,00:23,00:21,00:39,00:37,00:48,00:22,00:48,00:41,00:25,00:51,00:37,00:42,00:34,00:42,00:46,00:14,00:29,00:33,00:42,00:00,00:42,00:25,00:39,00:34,00:38,00:42,00:44,00:38,00:26,00:34,00:36,00:24,00:27,00:36,00:40,00:30,00:24,00:52,00:45,00:39,00:37,00:37,00:31,00:37,00:31,00:32,00:20,00:28,00:30,00:30,00:37,00:40,00:27,00:33,00:34,00:26,00:19,00:36,00:35,00:35,00:15,00:42,00:34,00:29,00:32
00:28,00:28,00:48,00:33,00:19,00:35,00:35,00:48,00:28,00:34,00:33,00:28,00:43,00:27,00:31,00:37,00:22,00:24,00:39,00:22,00:41,00:20,00:20,00:28,00:24,00:34,00:31,00:43,00:43,00:45,00:34,00:38,00:40,00:36,00:35,00:30,00:46,00:41,00:18,00:26,00:31,00:40,00:34,00:33,00:33,00:29,00:34,00:40,00:24,00:39,00:22,00:48,00:31,00:45,00:20,00:46,00:00,00:37,00:23,00:46,00:28,00:11,00:24,00:44,00:24,00:26,00:30,00:40,00:29,00:49,00:20,00:38,00:36,00:36,00:32,00:23,00:12,00:34,00:34,00:31,00:27,00:30,00:44,00:33,00:34,00:35,00:19,00:35,00:41,00:24,00:36,00:40,00:34,00:12,00:33,00:34,00:34,00:18,00:23,00:44,00:36
00:19,00:41,00:39,00:31,00:33,00:26,00:37,00:34,00:31,00:37,00:33,00:30,00:27,00:37,00:31,00:35,00:32,00:32,00:12,00:35,00:33,00:30,00:36,00:27,00:27,00:37,00:25,00:38,00:25,00:22,00:32,00:21,00:11,00:35,00:38,00:36,00:25,00:09,00:37,00:34,00:41,00:16,00:48,00:39,00:20,00:47,00:41,00:40,00:24,00:38,00:36,00:26,00:23,00:28,00:34,00:26,00:38,00:00,00:26,00:27,00:31,00:38,00:34,00:33,00:30,00:25,00:23,00:20,00:27,00:42,00:42,00:21,00:18,00:42,00:41,00:30,00:39,00:26,00:31,00:36,00:34,00:22,00:19,00:20,00:25,00:28,00:28,00:27,00:14,00:36,00:22,00:23,00:11,00:30,00:34,00:23,00:19,00:36,00:30,00:33,00:17
00:36,00:34,00:39,00:21,00:30,00:32,00:35,00:39,00:25,00:23,00:31,00:23,00:30,00:29,00:21,00:33,00:31,00:28,00:33,00:24,00:35,00:29,00:35,00:24,00:18,00:31,00:23,00:34,00:36,00:36,00:26,00:34,00:32,00:19,00:22,00:30,00:34,00:32,00:24,00:30,00:33,00:34,00:37,00:25,00:35,00:33,00:31,00:27,00:26,00:32,00:35,00:43,00:18,00:35,00:37,00:41,00:24,00:40,00:00,00:31,00:29,00:33,00:31,00:39,00:23,00:32,00:19,00:38,00:36,00:34,00:34,00:34,00:35,00:36,00:32,00:24,00:30,00:35,00:25,00:17,00:20,00:31,00:38,00:33,00:31,00:22,00:27,00:25,00:40,00:20,00:31,00:36,00:29,00:34,00:22,00:14,00:35,00:21,00:29,00:34,00:37
00:32,00:34,00:24,00:39,00:45,00:21,00:34,00:22,00:33,00:24,00:35,00:37,00:14,00:37,00:35,00:25,00:35,00:42,00:33,00:35,00:21,00:36,00:36,00:35,00:35,00:35,00:37,00:23,00:31,00:27,00:39,00:31,00:35,00:33,00:33,00:33,00:32,00:36,00:38,00:36,00:34,00:32,00:37,00:26,00:31,00:36,00:29,00:28,00:35,00:30,00:36,00:36,00:29,00:16,00:38,00:33,00:40,00:31,00:25,00:00,00:39,00:38,00:38,00:22,00:28,00:41,00:34,00:33,00:39,00:24,00:32,00:37,00:31,00:36,00:33,00:29,00:40,00:48,00:36,00:27,00:26,00:39,00:28,00:28,00:22,00:34,00:34,00:27,00:32,00:29,00:37,00:30,00:38,00:43,00:25,00:27,00:30,00:37,00:34,00:20,00:31
00:33,00:29,00:42,00:30,00:27,00:33,00:32,00:45,00:27,00:30,00:33,00:19,00:30,00:33,00:27,00:29,00:27,00:15,00:35,00:20,00:42,00:26,00:28,00:18,00:32,00:30,00:33,00:40,00:35,00:28,00:30,00:32,00:40,00:29,00:32,00:36,00:40,00:38,00:32,00:28,00:34,00:26,00:36,00:32,00:27,00:35,00:39,00:37,00:22,00:39,00:38,00:42,00:24,00:32,00:31,00:40,00:20,00:35,00:22,00:38,00:00,00:21,00:14,00:34,00:18,00:30,00:24,00:35,00:31,00:40,00:35,00:30,00:30,00:41,00:36,00:29,00:25,00:29,00:17,00:34,00:24,00:25,00:34,00:36,00:29,00:26,00:14,00:27,00:40,00:27,00:31,00:37,00:33,00:24,00:22,00:24,00:40,00:20,00:19,00:39,00:25
00:31,00:29,00:44,00:37,00:21,00:38,00:34,00:53,00:24,00:39,00:29,00:31,00:44,00:34,00:36,00:41,00:32,00:25,00:37,00:27,00:44,00:22,00:27,00:30,00:30,00:34,00:38,00:45,00:37,00:42,00:24,00:39,00:37,00:38,00:29,00:39,00:46,00:41,00:19,00:32,00:27,00:41,00:34,00:34,00:39,00:32,00:40,00:36,00:33,00:42,00:27,00:50,00:32,00:41,00:30,00:41,00:17,00:42,00:32,00:47,00:28,00:00,00:21,00:45,00:30,00:32,00:28,00:47,00:43,00:51,00:32,00:35,00:40,00:30,00:35,00:28,00:17,00:32,00:37,00:37,00:36,00:31,00:41,00:37,00:37,00:38,00:25,00:40,00:46,00:35,00:33,00:42,00:45,00:17,00:37,00:34,00:48,00:27,00:33,00:52,00:33
00:37,00:33,00:34,00:29,00:23,00:30,00:37,00:44,00:27,00:31,00:30,00:26,00:34,00:27,00:28,00:28,00:14,00:26,00:30,00:21,00:35,00:24,00:23,00:19,00:21,00:26,00:21,00:31,00:26,00:32,00:23,00:36,00:28,00:29,00:32,00:29,00:35,00:38,00:24,00:24,00:31,00:24,00:39,00:34,00:32,00:36,00:28,00:26,00:26,00:39,00:31,00:38,00:25,00:29,00:37,00:32,00:19,00:28,00:25,00:33,00:10,00:20,00:00,00:41,00:18,00:27,00:24,00:34,00:38,00:40,00:35,00:23,00:34,00:44,00:36,00:22,00:24,00:29,00:18,00:21,00:22,00:27,00:32,00:29,00:34,00:28,00:06,00:24,00:32,00:26,00:30,00:30,00:33,00:24,00:30,00:27,00:31,00:23,00:16,00:34,00:33
00:42,00:40,00:10,00:37,00:47,00:37,00:34,00:20,00:37,00:27,00:34,00:33,00:30,00:33,00:33,00:23,00:40,00:38,00:40,00:38,00:20,00:40,00:35,00:36,00:38,00:33,00:45,00:16,00:36,00:33,00:36,00:36,00:37,00:23,00:36,00:36,00:34,00:41,00:35,00:41,00:37,00:37,00:32,00:31,00:40,00:32,00:35,00:19,00:31,00:37,00:42,00:38,00:36,00:27,00:42,00:40,00:35,00:36,00:32,00:22,00:36,00:44,00:37,00:00,00:36,00:43,00:30,00:37,00:46,00:22,00:34,00:41,00:34,00:37,00:32,00:27,00:44,00:42,00:39,00:35,00:20,00:38,00:43,00:26,00:28,00:39,00:39,00:33,00:42,00:27,00:43,00:27,00:36,00:41,00:30,00:38,00:35,00:38,00:31,00:19,00:40
00:34,00:27,00:32,00:24,00:27,00:27,00:31,00:42,00:25,00:19,00:35,00:17,00:37,00:28,00:21,00:29,00:33,00:22,00:29,00:23,00:32,00:25,00:25,00:17,00:10,00:30,00:30,00:36,00:31,00:29,00:29,00:29,00:36,00:26,00:27,00:35,00:34,00:36,00:21,00:31,00:26,00:29,00:33,00:25,00:32,00:35,00:30,00:33,00:11,00:26,00:31,00:43,00:19,00:35,00:25,00:39,00:25,00:32,00:22,00:37,00:28,00:28,00:28,00:32,00:00,00:34,00:24,00:32,00:35,00:41,00:27,00:29,00:24,00:38,00:30,00:25,00:28,00:37,00:23,00:25,00:16,00:32,00:35,00:26,00:30,00:26,00:26,00:21,00:37,00:29,00:31,00:27,00:31,00:28,00:25,00:25,00:38,00:24,00:26,00:41,00:32
00:27,00:33,00:52,00:35,00:33,00:28,00:42,00:48,00:25,00:39,00:41,00:36,00:43,00:32,00:37,00:43,00:30,00:33,00:35,00:29,00:43,00:29,00:36,00:32,00:31,00:39,00:28,00:43,00:38,00:37,00:34,00:38,00:30,00:35,00:36,00:38,00:42,00:29,00:33,00:21,00:35,00:36,00:39,00:39,00:28,00:40,00:36,00:42,00:32,00:45,00:37,00:38,00:29,00:42,00:32,00:34,00:29,00:29,00:36,00:39,00:32,00:26,00:22,00:47,00:28,00:00,00:31,00:34,00:23,00:49,00:37,00:23,00:26,00:45,00:38,00:34,00:26,00:15,00:29,00:29,00:31,00:22,00:35,00:33,00:37,00:17,00:29,00:41,00:33,00:31,00:21,00:39,00:33,00:24,00:37,00:32,00:35,00:34,00:22,00:45,00:25
00:32,00:31,00:38,00:29,00:38,00:31,00:36,00:32,00:26,00:30,00:31,00:23,00:32,00:30,00:21,00:24,00:34,00:29,00:34,00:32,00:32,00:30,00:29,00:24,00:19,00:32,00:20,00:38,00:35,00:26,00:28,00:32,00:35,00:24,00:37,00:31,00:35,00:36,00:31,00:26,00:29,00:28,00:38,00:31,00:27,00:39,00:31,00:25,00:22,00:38,00:30,00:41,00:16,00:31,00:27,00:33,00:37,00:32,00:19,00:29,00:25,00:32,00:35,00:33,00:22,00:37,00:00,00:25,00:30,00:33,00:33,00:26,00:24,00:44,00:31,00:25,00:33,00:32,00:25,00:26,00:22,00:26,00:31,00:23,00:33,00:23,00:30,00:16,00:30,00:17,00:24,00:36,00:31,00:33,00:17,00:23,00:28,00:34,00:29,00:33,00:34
00:26,00:46,00:36,00:33,00:37,00:25,00:37,00:34,00:30,00:35,00:45,00:28,00:27,00:45,00:36,00:30,00:31,00:31,00:20,00:30,00:29,00:35,00:33,00:33,00:34,00:42,00:26,00:38,00:22,00:20,00:42,00:30,00:15,00:39,00:44,00:39,00:20,00:18,00:33,00:28,00:45,00:15,00:49,00:39,00:22,00:45,00:42,00:37,00:28,00:46,00:42,00:27,00:24,00:35,00:37,00:22,00:32,00:19,00:34,00:33,00:35,00:37,00:38,00:37,00:26,00:30,00:30,00:00,00:23,00:43,00:44,00:21,00:19,00:52,00:49,00:36,00:37,00:27,00:37,00:35,00:35,00:30,00:17,00:32,00:25,00:25,00:38,00:27,00:17,00:38,00:24,00:29,00:19,00:37,00:40,00:32,00:18,00:42,00:30,00:38,00:25
00:22,00:41,00:45,00:42,00:42,00:29,00:50,00:42,00:32,00:42,00:45,00:32,00:28,00:38,00:41,00:37,00:37,00:37,00:31,00:33,00:40,00:38,00:41,00:41,00:34,00:49,00:26,00:43,00:33,00:30,00:43,00:31,00:32,00:39,00:43,00:51,00:27,00:29,00:39,00:29,00:42,00:19,00:50,00:44,00:23,00:50,00:51,00:54,00:28,00:50,00:44,00:33,00:36,00:36,00:40,00:34,00:39,00:21,00:32,00:34,00:41,00:39,00:36,00:40,00:26,00:28,00:40,00:27,00:00,00:39,00:45,00:19,00:23,00:53,00:43,00:41,00:38,00:25,00:29,00:46,00:34,00:28,00:30,00:27,00:33,00:24,00:33,00:34,00:24,00:37,00:17,00:29,00:28,00:31,00:41,00:36,00:34,00:34,00:33,00:38,00:20
00:38,00:45,00:09,00:43,00:42,00:34,00:40,00:11,00:41,00:31,00:28,00:41,00:27,00:37,00:38,00:22,00:45,00:35,00:38,00:41,00:15,00:39,00:45,00:40,00:43,00:39,00:44,00:14,00:40,00:38,00:42,00:36,00:41,00:34,00:36,00:43,00:34,00:42,00:41,00:42,00:42,00:34,00:40,00:39,00:41,00:40,00:31,00:22,00:38,00:39,00:43,00:43,00:35,00:24,00:47,00:37,00:44,00:36,00:36,00:26,00:37,00:42,00:41,00:19,00:35,00:39,00:39,00:44,00:37,00:00,00:38,00:39,00:39,00:41,00:34,00:35,00:48,00:51,00:44,00:35,00:24,00:46,00:46,00:37,00:37,00:45,00:38,00:38,00:41,00:31,00:46,00:36,00:37,00:47,00:31,00:38,00:36,00:46,00:43,00:11,00:43
00:42,00:20,00:33,00:26,00:29,00:39,00:23,00:38,00:34,00:22,00:26,00:31,00:37,00:22,00:36,00:26,00:31,00:26,00:37,00:25,00:34,00:31,00:25,00:21,00:28,00:24,00:35,00:37,00:42,00:48,00:19,00:45,00:44,00:35,00:27,00:21,00:39,00:46,00:27,00:38,00:21,00:37,00:19,00:28,00:42,00:15,00:21,00:32,00:27,00:19,00:20,00:53,00:30,00:37,00:30,00:46,00:30,00:48,00:29,00:39,00:33,00:24,00:31,00:28,00:26,00:30,00:32,00:46,00:47,00:35,00:00,00:38,00:38,00:16,00:23,00:26,00:29,00:37,00:31,00:32,00:27,00:38,00:42,00:39,00:44,00:35,00:29,00:36,00:47,00:29,00:40,00:43,00:45,00:26,00:31,00:34,00:50,00:27,00:30,00:37,00:42
00:22,00:41,00:43,00:31,00:45,00:29,00:45,00:45,00:39,00:35,00:39,00:34,00:34,00:42,00:32,00:44,00:26,00:37,00:28,00:32,00:39,00:37,00:30,00:32,00:30,00:44,00:19,00:46,00:36,00:31,00:30,00:34,00:30,00:36,00:39,00:39,00:36,00:33,00:31,00:25,00:42,00:22,00:40,00:33,00:22,00:48,00:42,00:43,00:31,00:49,00:40,00:32,00:20,00:35,00:37,00:37,00:33,00:27,00:29,00:36,00:29,00:44,00:33,00:41,00:28,00:23,00:33,00:30,00:28,00:46,00:40,00:00,00:24,00:53,00:44,00:37,00:36,00:34,00:25,00:34,00:29,00:30,00:32,00:27,00:35,00:24,00:32,00:27,00:31,00:29,00:20,00:30,00:34,00:43,00:36,00:34,00:30,00:30,00:27,00:45,00:24
00:22,00:37,00:35,00:28,00:39,00:25,00:42,00:40,00:35,00:39,00:43,00:29,00:24,00:41,00:28,00:36,00:32,00:35,00:20,00:37,00:33,00:39,00:38,00:28,00:35,00:42,00:21,00:44,00:20,00:18,00:32,00:24,00:17,00:32,00:37,00:41,00:23,00:23,00:34,00:26,00:41,00:19,00:40,00:44,00:15,00:44,00:35,00:40,00:23,00:42,00:39,00:32,00:24,00:30,00:41,00:27,00:38,00:22,00:31,00:33,00:33,00:39,00:31,00:37,00:27,00:27,00:31,00:21,00:24,00:38,00:42,00:24,00:00,00:52,00:48,00:35,00:34,00:25,00:24,00:35,00:36,00:28,00:26,00:21,00:21,00:28,00:26,00:28,00:23,00:30,00:23,00:28,00:22,00:36,00:32,00:30,00:26,00:30,00:30,00:40,00:24
00:42,00:19,00:42,00:24,00:32,00:43,00:31,00:46,00:38,00:25,00:23,00:42,00:32,00:25,00:32,00:36,00:41,00:29,00:48,00:35,00:43,00:32,00:32,00:33,00:30,00:31,00:37,00:40,00:47,00:45,00:29,00:43,00:45,00:44,00:26,00:33,00:47,00:45,00:28,00:33,00:26,00:40,00:17,00:29,00:44,00:13,00:20,00:35,00:38,00:31,00:28,00:49,00:40,00:39,00:29,00:47,00:31,00:49,00:36,00:36,00:36,00:31,00:38,00:38,00:33,00:37,00:36,00:47,00:50,00:38,00:13,00:45,00:44,00:00,00:30,00:28,00:32,00:46,00:34,00:29,00:27,00:43,00:49,00:44,00:44,00:37,00:39,00:41,00:46,00:35,00:47,00:42,00:46,00:28,00:36,00:37,00:49,00:30,00:32,00:45,00:48
00:43,00:27,00:33,00:21,00:36,00:39,00:23,00:38,00:37,00:16,00:15,00:36,00:30,00:28,00:29,00:27,00:33,00:31,00:46,00:33,00:29,00:24,00:32,00:31,00:25,00:21,00:35,00:33,00:35,00:46,00:26,00:38,00:45,00:29,00:12,00:22,00:39,00:48,00:28,00:37,00:31,00:41,00:29,00:16,00:38,00:26,00:18,00:31,00:26,00:24,00:26,00:44,00:34,00:29,00:34,00:43,00:30,00:46,00:27,00:32,00:34,00:31,00:35,00:31,00:27,00:33,00:31,00:43,00:43,00:36,00:23,00:38,00:41,00:32,00:00,00:29,00:32,00:40,00:37,00:26,00:19,00:36,00:43,00:35,00:37,00:37,00:30,00:36,00:42,00:23,00:39,00:32,00:42,00:31,00:28,00:26,00:42,00:29,00:32,00:39,00:38
00:31,00:20,00:40,00:16,00:29,00:33,00:26,00:39,00:20,00:25,00:28,00:24,00:29,00:30,00:15,00:26,00:22,00:25,00:36,00:27,00:33,00:26,00:25,00:24,00:24,00:31,00:23,00:36,00:30,00:37,00:15,00:30,00:36,00:24,00:31,00:26,00:39,00:28,00:21,00:19,00:24,00:36,00:27,00:22,00:35,00:30,00:28,00:23,00:19,00:26,00:28,00:37,00:19,00:34,00:23,00:33,00:29,00:35,00:14,00:34,00:20,00:29,00:25,00:30,00:19,00:32,00:24,00:39,00:35,00:37,00:34,00:31,00:31,00:37,00:30,00:00,00:31,00:36,00:26,00:14,00:19,00:20,00:34,00:35,00:31,00:28,00:19,00:22,00:34,00:23,00:23,00:38,00:34,00:33,00:24,00:22,00:28,00:24,00:20,00:41,00:32
00:35,00:29,00:45,00:27,00:19,00:39,00:34,00:52,00:29,00:29,00:38,00:30,00:38,00:33,00:28,00:33,00:23,00:24,00:38,00:19,00:42,00:19,00:26,00:25,00:27,00:38,00:35,00:45,00:44,00:41,00:35,00:42,00:37,00:30,00:27,00:34,00:36,00:36,00:16,00:30,00:34,00:28,00:31,00:39,00:38,00:32,00:34,00:35,00:28,00:32,00:27,00:47,00:32,00:43,00:21,00:47,00:17,00:45,00:30,00:39,00:30,00:14,00:18,00:43,00:22,00:31,00:28,00:36,00:39,00:48,00:32,00:42,00:37,00:35,00:29,00:23,00:00,00:35,00:34,00:39,00:26,00:32,00:36,00:33,00:39,00:33,00:28,00:33,00:38,00:37,00:33,00:37,00:42,00:15,00:34,00:33,00:35,00:21,00:28,00:44,00:33
00:18,00:37,00:48,00:33,00:28,00:35,00:35,00:52,00:28,00:36,00:37,00:33,00:37,00:38,00:36,00:44,00:20,00:33,00:29,00:25,00:44,00:31,00:34,00:33,00:33,00:36,00:24,00:48,00:42,00:37,00:30,00:39,00:31,00:34,00:34,00:39,00:36,00:29,00:34,00:21,00:39,00:36,00:39,00:34,00:27,00:41,00:41,00:37,00:34,00:31,00:35,00:39,00:26,00:40,00:32,00:31,00:26,00:33,00:30,00:34,00:24,00:31,00:27,00:49,00:30,00:17,00:34,00:38,00:25,00:54,00:39,00:26,00:27,00:49,00:37,00:31,00:24,00:00,00:25,00:36,00:33,00:22,00:32,00:32,00:31,00:23,00:29,00:35,00:28,00:36,00:31,00:40,00:30,00:30,00:33,00:35,00:34,00:29,00:32,00:53,00:18
00:20,00:34,00:34,00:28,00:32,00:21,00:37,00:39,00:23,00:23,00:30,00:17,00:28,00:35,00:26,00:32,00:21,00:25,00:27,00:28,00:30,00:33,00:28,00:22,00:24,00:37,00:12,00:39,00:22,00:23,00:26,00:29,00:24,00:24,00:29,00:30,00:30,00:27,00:27,00:23,00:33,00:20,00:37,00:36,00:25,00:39,00:28,00:33,00:21,00:31,00:25,00:31,00:12,00:29,00:30,00:31,00:28,00:23,00:22,00:27,00:20,00:31,00:21,00:30,00:18,00:27,00:24,00:24,00:19,00:40,00:34,00:18,00:26,00:46,00:39,00:28,00:33,00:26,00:00,00:33,00:27,00:21,00:25,00:24,00:25,00:13,00:29,00:23,00:24,00:23,00:23,00:23,00:27,00:33,00:22,00:23,00:28,00:20,00:23,00:32,00:22
00:27,00:23,00:31,00:22,00:28,00:30,00:28,00:36,00:28,00:23,00:22,00:20,00:30,00:25,00:24,00:25,00:28,00:20,00:32,00:26,00:26,00:28,00:23,00:24,00:25,00:23,00:32,00:31,00:35,00:38,00:19,00:33,00:41,00:24,00:25,00:15,00:37,00:33,00:32,00:22,00:31,00:34,00:29,00:17,00:32,00:30,00:26,00:21,00:23,00:30,00:34,00:46,00:26,00:34,00:35,00:39,00:24,00:36,00:22,00:30,00:24,00:29,00:24,00:30,00:23,00:31,00:18,00:36,00:33,00:34,00:28,00:35,00:30,00:37,00:25,00:17,00:27,00:35,00:29,00:00,00:21,00:31,00:38,00:30,00:38,00:27,00:21,00:28,00:44,00:22,00:35,00:35,00:30,00:31,00:19,00:15,00:32,00:21,00:26,00:33,00:35
00:29,00:34,00:35,00:29,00:31,00:33,00:25,00:34,00:25,00:21,00:17,00:21,00:24,00:25,00:28,00:21,00:31,00:27,00:36,00:24,00:27,00:30,00:29,00:23,00:29,00:22,00:30,00:29,00:37,00:40,00:23,00:31,00:34,00:22,00:25,00:27,00:32,00:35,00:24,00:26,00:26,00:37,00:27,00:22,00:36,00:30,00:25,00:23,00:22,00:27,00:32,00:46,00:31,00:31,00:25,00:33,00:25,00:38,00:17,00:21,00:25,00:25,00:32,00:25,00:17,00:31,00:17,00:37,00:38,00:33,00:26,00:30,00:35,00:30,00:19,00:27,00:30,00:31,00:26,00:19,00:00,00:27,00:35,00:34,00:30,00:28,00:26,00:20,00:39,00:17,00:26,00:33,00:34,00:30,00:10,00:19,00:39,00:30,00:25,00:35,00:32
00:22,00:39,00:39,00:32,00:34,00:36,00:35,00:49,00:32,00:34,00:33,00:31,00:40,00:34,00:25,00:31,00:12,00:30,00:30,00:26,00:35,00:35,00:34,00:31,00:26,00:37,00:27,00:41,00:32,00:31,00:35,00:39,00:38,00:26,00:36,00:32,00:34,00:30,00:32,00:16,00:37,00:33,00:40,00:28,00:31,00:43,00:38,00:32,00:25,00:40,00:38,00:39,00:30,00:34,00:37,00:38,00:31,00:32,00:27,00:40,00:28,00:33,00:23,00:38,00:26,00:19,00:30,00:34,00:24,00:45,00:38,00:25,00:30,00:45,00:36,00:26,00:23,00:21,00:25,00:31,00:30,00:00,00:37,00:33,00:37,00:25,00:26,00:37,00:34,00:36,00:29,00:34,00:32,00:26,00:30,00:31,00:38,00:23,00:23,00:40,00:29
00:28,00:45,00:45,00:40,00:41,00:24,00:40,00:42,00:31,00:35,00:43,00:29,00:30,00:42,00:37,00:36,00:26,00:38,00:18,00:39,00:29,00:34,00:43,00:35,00:29,00:40,00:34,00:43,00:26,00:16,00:39,00:34,00:21,00:35,00:37,00:42,00:22,00:15,00:36,00:31,00:45,00:19,00:41,00:40,00:24,00:45,00:40,00:47,00:36,00:49,00:43,00:23,00:25,00:30,00:46,00:21,00:35,00:20,00:32,00:37,00:38,00:37,00:34,00:42,00:33,00:34,00:37,00:20,00:26,00:42,00:47,00:24,00:21,00:51,00:42,00:36,00:38,00:31,00:32,00:42,00:34,00:30,00:00,00:28,00:27,00:23,00:35,00:30,00:18,00:40,00:27,00:28,00:16,00:33,00:36,00:33,00:22,00:32,00:33,00:37,00:27
00:33,00:38,00:37,00:34,00:30,00:13,00:42,00:34,00:31,00:31,00:38,00:28,00:26,00:37,00:32,00:30,00:33,00:32,00:21,00:30,00:30,00:31,00:38,00:32,00:24,00:33,00:27,00:30,00:24,00:23,00:33,00:15,00:23,00:33,00:39,00:38,00:20,00:23,00:35,00:32,00:40,00:20,00:41,00:35,00:24,00:41,00:29,00:38,00:20,00:41,00:36,00:29,00:22,00:24,00:36,00:24,00:32,00:22,00:28,00:22,00:34,00:34,00:31,00:34,00:26,00:31,00:30,00:25,00:31,00:27,00:39,00:25,00:18,00:48,00:34,00:33,00:40,00:32,00:26,00:36,00:29,00:26,00:30,00:00,00:14,00:22,00:24,00:24,00:22,00:25,00:26,00:19,00:20,00:33,00:31,00:26,00:26,00:35,00:28,00:30,00:31
00:30,00:44,00:29,00:33,00:43,00:10,00:42,00:39,00:34,00:32,00:36,00:27,00:23,00:40,00:32,00:29,00:40,00:35,00:31,00:29,00:21,00:38,00:34,00:32,00:29,00:39,00:36,00:29,00:20,00:22,00:37,00:10,00:28,00:30,00:34,00:40,00:18,00:28,00:31,00:37,00:41,00:18,00:48,00:36,00:31,00:38,00:37,00:39,00:29,00:43,00:41,00:27,00:28,00:25,00:40,00:20,00:33,00:29,00:24,00:27,00:35,00:33,00:39,00:32,00:20,00:39,00:29,00:21,00:33,00:30,00:41,00:30,00:27,00:44,00:38,00:31,00:39,00:38,00:30,00:38,00:33,00:33,00:27,00:17,00:00,00:31,00:30,00:28,00:24,00:29,00:31,00:21,00:28,00:31,00:36,00:25,00:21,00:30,00:33,00:25,00:25
00:19,00:35,00:43,00:33,00:25,00:33,00:39,00:43,00:34,00:32,00:32,00:25,00:30,00:31,00:31,00:39,00:21,00:35,00:29,00:33,00:37,00:33,00:36,00:26,00:22,00:34,00:19,00:42,00:32,00:31,00:25,00:31,00:23,00:30,00:39,00:41,00:35,00:32,00:34,00:22,00:38,00:27,00:37,00:29,00:24,00:47,00:37,00:35,00:26,00:40,00:33,00:29,00:19,00:27,00:41,00:33,00:29,00:23,00:19,00:30,00:28,00:23,00:26,00:44,00:23,00:16,00:23,00:28,00:20,00:42,00:42,00:13,00:25,00:47,00:43,00:30,00:32,00:15,00:14,00:29,00:34,00:19,00:25,00:21,00:26,00:00,00:27,00:26,00:28,00:29,00:18,00:31,00:23,00:21,00:33,00:24,00:24,00:33,00:27,00:38,00:24
00:35,00:29,00:42,00:31,00:29,00:35,00:36,00:42,00:27,00:32,00:33,00:27,00:38,00:27,00:28,00:33,00:22,00:26,00:35,00:22,00:38,00:29,00:25,00:23,00:26,00:30,00:29,00:36,00:39,00:35,00:29,00:35,00:38,00:27,00:33,00:31,00:37,00:30,00:25,00:24,00:34,00:29,00:35,00:34,00:30,00:39,00:33,00:36,00:22,00:39,00:29,00:41,00:18,00:40,00:25,00:39,00:26,00:29,00:29,00:40,00:09,00:24,00:16,00:36,00:23,00:27,00:27,00:35,00:34,00:39,00:31,00:29,00:28,00:43,00:40,00:22,00:22,00:31,00:24,00:31,00:25,00:21,00:33,00:29,00:29,00:28,00:00,00:23,00:37,00:21,00:31,00:36,00:37,00:28,00:25,00:28,00:37,00:19,00:15,00:39,00:27
00:25,00:25,00:36,00:28,00:27,00:27,00:35,00:32,00:31,00:33,00:33,00:18,00:27,00:40,00:20,00:24,00:34,00:33,00:30,00:31,00:25,00:31,00:33,00:27,00:25,00:33,00:25,00:26,00:27,00:26,00:21,00:32,00:30,00:16,00:32,00:31,00:35,00:28,00:33,00:33,00:32,00:23,00:33,00:31,00:25,00:34,00:25,00:31,00:23,00:34,00:37,00:38,00:19,00:24,00:37,00:33,00:29,00:33,00:22,00:34,00:32,00:32,00:34,00:30,00:23,00:33,00:15,00:28,00:29,00:33,00:35,00:31,00:25,00:45,00:27,00:27,00:31,00:35,00:23,00:22,00:21,00:33,00:33,00:26,00:29,00:19,00:26,00:00,00:32,00:15,00:27,00:39,00:31,00:34,00:26,00:25,00:35,00:31,00:26,00:39,00:31
00:24,00:43,00:45,00:39,00:44,00:34,00:45,00:45,00:35,00:42,00:37,00:23,00:30,00:41,00:40,00:43,00:38,00:33,00:21,00:37,00:38,00:39,00:34,00:38,00:36,00:43,00:36,00:45,00:18,00:22,00:36,00:31,00:10,00:40,00:43,00:45,00:20,00:17,00:32,00:32,00:44,00:25,00:45,00:36,00:25,00:45,00:45,00:48,00:33,00:44,00:44,00:30,00:27,00:35,00:39,00:23,00:38,00:16,00:28,00:40,00:33,00:33,00:38,00:40,00:31,00:29,00:36,00:21,00:32,00:42,00:43,00:25,00:27,00:56,00:49,00:42,00:33,00:35,00:37,00:36,00:30,00:29,00:18,00:21,00:30,00:31,00:35,00:32,00:00,00:36,00:31,00:25,00:17,00:42,00:33,00:34,00:19,00:36,00:34,00:39,00:20
00:32,00:35,00:34,00:28,00:32,00:34,00:34,00:33,00:30,00:27,00:29,00:23,00:27,00:36,00:21,00:22,00:23,00:28,00:38,00:25,00:25,00:32,00:26,00:26,00:23,00:26,00:30,00:32,00:40,00:32,00:32,00:35,00:36,00:13,00:29,00:32,00:38,00:36,00:30,00:29,00:35,00:30,00:30,00:28,00:30,00:34,00:27,00:26,00:23,00:31,00:32,00:41,00:22,00:23,00:38,00:36,00:37,00:36,00:14,00:31,00:31,00:35,00:30,00:32,00:20,00:36,00:18,00:30,00:37,00:33,00:33,00:35,00:30,00:41,00:31,00:22,00:29,00:32,00:30,00:25,00:20,00:33,00:31,00:33,00:25,00:33,00:23,00:22,00:34,00:00,00:33,00:34,00:33,00:35,00:10,00:22,00:41,00:30,00:26,00:36,00:30
00:17,00:39,00:46,00:34,00:32,00:28,00:34,00:43,00:26,00:33,00:38,00:24,00:36,00:41,00:32,00:39,00:24,00:36,00:32,00:35,00:37,00:33,00:32,00:33,00:33,00:40,00:15,00:45,00:31,00:29,00:30,00:33,00:23,00:34,00:36,00:42,00:32,00:26,00:29,00:18,00:34,00:27,00:49,00:42,00:13,00:41,00:35,00:41,00:26,00:43,00:38,00:37,00:13,00:32,00:40,00:37,00:27,00:26,00:28,00:37,00:32,00:33,00:26,00:38,00:22,00:26,00:24,00:30,00:25,00:41,00:42,00:13,00:12,00:44,00:45,00:32,00:35,00:29,00:19,00:32,00:33,00:25,00:28,00:30,00:27,00:21,00:30,00:29,00:36,00:30,00:00,00:35,00:23,00:32,00:36,00:25,00:36,00:31,00:28,00:42,00:18
00:31,00:38,00:26,00:35,00:41,00:20,00:31,00:32,00:38,00:38,00:38,00:33,00:18,00:46,00:36,00:28,00:36,00:36,00:27,00:35,00:21,00:39,00:39,00:31,00:31,00:32,00:34,00:36,00:16,00:23,00:33,00:17,00:30,00:27,00:38,00:40,00:20,00:19,00:39,00:38,00:44,00:24,00:45,00:37,00:27,00:44,00:34,00:35,00:27,00:40,00:38,00:31,00:26,00:18,00:40,00:24,00:39,00:30,00:27,00:23,00:39,00:33,00:35,00:25,00:27,00:39,00:31,00:27,00:38,00:34,00:40,00:31,00:27,00:46,00:29,00:30,00:38,00:39,00:36,00:38,00:31,00:34,00:19,00:22,00:19,00:27,00:34,00:37,00:26,00:27,00:30,00:00,00:28,00:39,00:28,00:37,00:23,00:38,00:26,00:28,00:32
00:24,00:43,00:40,00:37,00:37,00:24,00:43,00:32,00:29,00:39,00:43,00:30,00:27,00:43,00:34,00:36,00:28,00:36,00:18,00:33,00:32,00:34,00:34,00:31,00:32,00:44,00:30,00:42,00:17,00:22,00:36,00:25,00:13,00:33,00:40,00:43,00:26,00:19,00:31,00:34,00:37,00:21,00:43,00:37,00:18,00:46,00:38,00:40,00:35,00:45,00:35,00:17,00:31,00:37,00:38,00:20,00:35,00:17,00:35,00:34,00:40,00:36,00:28,00:38,00:27,00:31,00:37,00:18,00:28,00:39,00:43,00:29,00:20,00:43,00:45,00:35,00:33,00:30,00:31,00:36,00:27,00:26,00:16,00:21,00:31,00:28,00:30,00:26,00:21,00:34,00:19,00:26,00:00,00:33,00:37,00:32,00:19,00:40,00:31,00:41,00:24
00:25,00:30,00:42,00:29,00:20,00:28,00:31,00:45,00:21,00:35,00:30,00:31,00:33,00:26,00:25,00:37,00:31,00:26,00:39,00:25,00:42,00:18,00:24,00:24,00:31,00:33,00:35,00:38,00:41,00:39,00:28,00:34,00:43,00:34,00:32,00:33,00:44,00:31,00:20,00:30,00:25,00:34,00:23,00:25,00:32,00:27,00:35,00:42,00:26,00:33,00:29,00:45,00:28,00:36,00:22,00:45,00:10,00:41,00:29,00:40,00:26,00:14,00:19,00:44,00:22,00:27,00:30,00:31,00:36,00:44,00:21,00:30,00:37,00:25,00:37,00:31,00:11,00:32,00:28,00:26,00:31,00:31,00:39,00:31,00:39,00:27,00:18,00:33,00:45,00:28,00:29,00:33,00:31,00:00,00:34,00:26,00:37,00:25,00:29,00:42,00:28
00:38,00:29,00:33,00:28,00:33,00:24,00:26,00:33,00:30,00:19,00:24,00:20,00:26,00:34,00:19,00:25,00:29,00:27,00:39,00:27,00:29,00:28,00:35,00:28,00:26,00:34,00:30,00:32,00:29,00:41,00:29,00:33,00:40,00:17,00:26,00:25,00:33,00:41,00:33,00:30,00:34,00:35,00:26,00:21,00:31,00:31,00:24,00:28,00:23,00:25,00:37,00:41,00:22,00:29,00:38,00:35,00:30,00:40,00:16,00:28,00:27,00:27,00:31,00:27,00:29,00:36,00:15,00:32,00:33,00:35,00:29,00:37,00:39,00:43,00:28,00:20,00:32,00:41,00:31,00:25,00:09,00:34,00:36,00:26,00:37,00:25,00:22,00:22,00:33,00:15,00:32,00:32,00:39,00:35,00:00,00:20,00:34,00:29,00:26,00:32,00:31
00:31,00:27,00:36,00:23,00:32,00:26,00:34,00:39,00:28,00:23,00:29,00:20,00:34,00:32,00:19,00:28,00:25,00:25,00:27,00:28,00:35,00:31,00:21,00:22,00:19,00:28,00:20,00:30,00:33,00:33,00:17,00:31,00:33,00:23,00:25,00:33,00:32,00:29,00:22,00:20,00:27,00:28,00:36,00:24,00:28,00:36,00:25,00:26,00:19,00:32,00:29,00:39,00:18,00:33,00:26,00:31,00:31,00:30,00:14,00:31,00:26,00:30,00:26,00:33,00:13,00:26,00:15,00:31,00:26,00:31,00:28,00:27,00:26,00:42,00:33,00:21,00:34,00:39,00:23,00:25,00:24,00:28,00:35,00:25,00:27,00:21,00:23,00:17,00:36,00:25,00:20,00:30,00:27,00:23,00:24,00:00,00:35,00:25,00:18,00:40,00:28
00:28,00:44,00:31,00:40,00:41,00:22,00:42,00:41,00:33,00:37,00:39,00:27,00:26,00:44,00:41,00:36,00:34,00:37,00:23,00:40,00:29,00:39,00:40,00:38,00:36,00:40,00:31,00:44,00:20,00:21,00:36,00:28,00:20,00:31,00:37,00:40,00:16,00:19,00:42,00:34,00:44,00:24,00:47,00:40,00:19,00:54,00:34,00:42,00:33,00:43,00:44,00:14,00:26,00:30,00:44,00:18,00:39,00:22,00:36,00:33,00:37,00:37,00:41,00:30,00:27,00:29,00:30,00:14,00:29,00:41,00:47,00:25,00:28,00:53,00:42,00:30,00:41,00:34,00:34,00:40,00:38,00:33,00:24,00:27,00:30,00:25,00:37,00:27,00:19,00:36,00:33,00:20,00:22,00:40,00:36,00:33,00:00,00:40,00:33,00:34,00:24
00:36,00:25,00:40,00:26,00:28,00:31,00:30,00:39,00:19,00:34,00:29,00:26,00:31,00:31,00:30,00:34,00:25,00:17,00:36,00:21,00:34,00:24,00:23,00:17,00:18,00:33,00:29,00:40,00:38,00:41,00:23,00:33,00:43,00:32,00:29,00:32,00:34,00:38,00:24,00:32,00:33,00:29,00:36,00:30,00:38,00:35,00:30,00:36,00:17,00:34,00:22,00:44,00:25,00:41,00:27,00:41,00:26,00:30,00:19,00:35,00:23,00:25,00:21,00:30,00:16,00:29,00:29,00:31,00:33,00:41,00:28,00:33,00:35,00:34,00:28,00:26,00:22,00:27,00:20,00:25,00:20,00:33,00:33,00:35,00:29,00:34,00:17,00:34,00:43,00:26,00:29,00:38,00:29,00:26,00:30,00:30,00:39,00:00,00:25,00:41,00:31
00:29,00:24,00:37,00:24,00:29,00:34,00:31,00:40,00:21,00:21,00:29,00:15,00:27,00:27,00:22,00:24,00:17,00:15,00:34,00:28,00:29,00:29,00:23,00:15,00:17,00:35,00:31,00:29,00:40,00:35,00:29,00:33,00:37,00:26,00:33,00:27,00:33,00:32,00:28,00:29,00:30,00:31,00:29,00:28,00:29,00:35,00:31,00:31,00:19,00:24,00:25,00:33,00:22,00:29,00:23,00:39,00:23,00:28,00:15,00:36,00:16,00:26,00:19,00:27,00:17,00:25,00:23,00:31,00:31,00:36,00:24,00:29,00:28,00:37,00:34,00:25,00:31,00:25,00:26,00:25,00:22,00:20,00:31,00:35,00:34,00:32,00:19,00:30,00:38,00:25,00:34,00:32,00:28,00:25,00:21,00:27,00:31,00:21,00:00,00:40,00:27
00:39,00:40,00:17,00:39,00:45,00:33,00:37,00:09,00:39,00:29,00:30,00:37,00:25,00:40,00:39,00:27,00:44,00:43,00:34,00:42,00:13,00:41,00:44,00:31,00:39,00:28,00:39,00:14,00:32,00:37,00:33,00:36,00:35,00:26,00:38,00:37,00:29,00:32,00:41,00:37,00:41,00:31,00:35,00:40,00:38,00:41,00:36,00:27,00:35,00:37,00:40,00:38,00:37,00:22,00:42,00:37,00:43,00:39,00:30,00:13,00:41,00:34,00:42,00:23,00:32,00:43,00:34,00:32,00:43,00:18,00:33,00:43,00:32,00:47,00:33,00:31,00:47,00:48,00:37,00:33,00:23,00:36,00:41,00:27,00:31,00:44,00:35,00:28,00:42,00:36,00:42,00:28,00:40,00:36,00:31,00:41,00:36,00:43,00:32,00:00,00:40
00:15,00:35,00:39,00:42,00:40,00:25,00:37,00:42,00:36,00:40,00:36,00:30,00:30,00:38,00:38,00:37,00:22,00:34,00:16,00:35,00:36,00:34,00:37,00:30,00:35,00:39,00:19,00:44,00:29,00:23,00:35,00:25,00:21,00:34,00:45,00:36,00:28,00:20,00:37,00:29,00:41,00:15,00:49,00:36,00:17,00:40,00:40,00:44,00:30,00:45,00:41,00:26,00:23,00:31,00:44,00:29,00:31,00:21,00:26,00:28,00:34,00:28,00:27,00:39,00:23,00:26,00:27,00:25,00:12,00:43,00:42,00:22,00:18,00:52,00:38,00:35,00:33,00:30,00:23,00:36,00:34,00:21,00:27,00:29,00:27,00:20,00:29,00:33,00:27,00:32,00:20,00:29,00:15,00:36,00:39,00:32,00:25,00:40,00:29,00:41,00:00
